"Package","LinkedPackage","Date"
"AcceptanceSampling","graphics","2009-02-08"
"accuracy","methods","2009-02-08"
"AER","stats","2009-02-08"
"anacor","graphics","2009-02-08"
"anacor","stats","2009-02-08"
"ape","gee","2009-02-08"
"ape","nlme","2009-02-08"
"ape","lattice","2009-02-08"
"arules","stats","2009-02-08"
"arules","Matrix","2009-02-08"
"arulesSequences","arules","2009-02-08"
"BARD","spdep","2009-02-08"
"BARD","iplots","2009-02-08"
"biclust","grid","2009-02-08"
"biclust","methods","2009-02-08"
"blockmodeling","stats","2009-02-08"
"boolean","stats","2009-02-08"
"BradleyTerry","brglm","2009-02-08"
"cairoDevice","grDevices","2009-02-08"
"calib","graphics","2009-02-08"
"cba","Matrix","2009-02-08"
"chron","graphics","2009-02-08"
"chron","stats","2009-02-08"
"classGraph","methods","2009-02-08"
"classGraph","graph","2009-02-08"
"classGraph","Rgraphviz","2009-02-08"
"clinfun","mvtnorm","2009-02-08"
"clue","stats","2009-02-08"
"clue","cluster","2009-02-08"
"clue","graphics","2009-02-08"
"clue","methods","2009-02-08"
"connectedness","methods","2009-02-08"
"cramer","boot","2009-02-08"
"DBI","methods","2009-02-08"
"distr","stats","2009-02-08"
"distrTEst","stats","2009-02-08"
"diveMove","stats4","2009-02-08"
"doBy","Hmisc","2009-02-08"
"dplR","grid","2009-02-08"
"dynlm","stats","2009-02-08"
"dynlm","strucchange","2009-02-08"
"e1071","graphics","2009-02-08"
"e1071","stats","2009-02-08"
"e1071","grDevices","2009-02-08"
"e1071","utils","2009-02-08"
"EffectiveDose","graphics","2009-02-08"
"eRm","graphics","2009-02-08"
"eRm","stats","2009-02-08"
"eRm","MASS","2009-02-08"
"ETC","mvtnorm","2009-02-08"
"FAiR","stats4","2009-02-08"
"FAiR","rrcov","2009-02-08"
"fbati","tcltk","2009-02-08"
"fbati","fgui","2009-02-08"
"fgui","tcltk","2009-02-08"
"filehash","utils","2009-02-08"
"filehashSQLite","filehash","2009-02-08"
"filehashSQLite","DBI","2009-02-08"
"flexclust","methods","2009-02-08"
"flexclust","stats","2009-02-08"
"flexclust","stats4","2009-02-08"
"flexmix","methods","2009-02-08"
"flexmix","stats","2009-02-08"
"flexmix","stats4","2009-02-08"
"foreign","methods","2009-02-08"
"foreign","utils","2009-02-08"
"fxregime","graphics","2009-02-08"
"fxregime","stats","2009-02-08"
"fxregime","zoo","2009-02-08"
"fxregime","sandwich","2009-02-08"
"fxregime","strucchange","2009-02-08"
"fxregime","car","2009-02-08"
"gamlss","MASS","2009-02-08"
"gamlss","survival","2009-02-08"
"gamlss.cens","survival","2009-02-08"
"gcExplorer","flexclust","2009-02-08"
"gcExplorer","modeltools","2009-02-08"
"gcExplorer","Rgraphviz","2009-02-08"
"gdata","gtools","2009-02-08"
"gene2pathway","SSOAP","2009-02-08"
"gene2pathway","RCurl","2009-02-08"
"ggplot2","reshape (>= 0.8.0)","2009-02-08"
"ggplot2","plyr (>= 0.1.4)","2009-02-08"
"ggplot2","splines","2009-02-08"
"ggplot2","MASS","2009-02-08"
"ggplot2","RColorBrewer","2009-02-08"
"ggplot2","grid","2009-02-08"
"ggplot2","proto","2009-02-08"
"gmm","stats","2009-02-08"
"gmodels","MASS","2009-02-08"
"gmodels","gdata","2009-02-08"
"gnm","MASS","2009-02-08"
"gnm","stats","2009-02-08"
"gnm","graphics","2009-02-08"
"gnm","nnet","2009-02-08"
"gnm","qvcalc (>= 0.8-3)","2009-02-08"
"gnm","relimp","2009-02-08"
"gpclib","graphics","2009-02-08"
"gRain","graph","2009-02-08"
"granova","Rcmdr","2009-02-08"
"graph","tools","2009-02-08"
"graph","cluster","2009-02-08"
"graph","methods","2009-02-08"
"gsarima","MASS","2009-02-08"
"gstat","lattice","2009-02-08"
"gWidgetsRGtk2","RGtk2","2009-02-08"
"Hmisc","lattice","2009-02-08"
"Hmisc","cluster","2009-02-08"
"homals","graphics","2009-02-08"
"homals","stats","2009-02-08"
"howmany","graphics","2009-02-08"
"howmany","stats","2009-02-08"
"hydrosanity","RGtk2","2009-02-08"
"hydrosanity","gWidgets","2009-02-08"
"hydrosanity","reshape","2009-02-08"
"hydrosanity","grid","2009-02-08"
"hydrosanity","grDevices","2009-02-08"
"hydrosanity","stats","2009-02-08"
"hydrosanity","utils","2009-02-08"
"kza","ff","2009-02-08"
"languageR","methods","2009-02-08"
"languageR","lattice","2009-02-08"
"languageR","coda","2009-02-08"
"languageR","lme4","2009-02-08"
"lattice","grid","2009-02-08"
"lattice","grDevices","2009-02-08"
"lattice","graphics","2009-02-08"
"lattice","stats","2009-02-08"
"lattice","utils","2009-02-08"
"latticeExtra","lattice (>= 0.16-3)","2009-02-08"
"latticeExtra","grid","2009-02-08"
"latticist","gWidgets (>= 0.0-30)","2009-02-08"
"LDheatmap","genetics","2009-02-08"
"lga","boot","2009-02-08"
"lga","lattice","2009-02-08"
"lme4","graphics","2009-02-08"
"lme4","stats","2009-02-08"
"lmtest","stats","2009-02-08"
"lmtest","graphics","2009-02-08"
"Matrix","graphics","2009-02-08"
"Matrix","lattice","2009-02-08"
"Matrix","grid","2009-02-08"
"Matrix","stats","2009-02-08"
"MBESS","MASS","2009-02-08"
"MBESS","gsl","2009-02-08"
"mgcv","graphics","2009-02-08"
"mgcv","stats","2009-02-08"
"mixPHM","graphics","2009-02-08"
"mixPHM","stats","2009-02-08"
"MLDS","MASS","2009-02-08"
"modeltools","methods","2009-02-08"
"monoProc","graphics","2009-02-08"
"mratios","mvtnorm","2009-02-08"
"msm","survival","2009-02-08"
"msm","mvtnorm","2009-02-08"
"mvtnorm","stats","2009-02-08"
"nlme","lattice","2009-02-08"
"openNLP","tm","2009-02-08"
"pbatR","tcltk","2009-02-08"
"penalized","survival","2009-02-08"
"phangorn","ape","2009-02-08"
"phangorn","stats","2009-02-08"
"playwith","RGtk2 (>= 2.10.11)","2009-02-08"
"playwith","gWidgets (>= 0.0-30)","2009-02-08"
"playwith","gridBase","2009-02-08"
"playwith","grDevices","2009-02-08"
"playwith","graphics","2009-02-08"
"playwith","stats","2009-02-08"
"playwith","utils","2009-02-08"
"polyapost","boot","2009-02-08"
"polynom","stats","2009-02-08"
"polynom","graphics","2009-02-08"
"psychometric","multilevel","2009-02-08"
"psychometric","nlme","2009-02-08"
"quantregForest","stats","2009-02-08"
"quantregForest","graphics","2009-02-08"
"quantregForest","grDevices","2009-02-08"
"R.methodsS3","utils","2009-02-08"
"R.oo","methods","2009-02-08"
"RBGL","methods","2009-02-08"
"rcompgen","utils","2009-02-08"
"rcompgen","methods","2009-02-08"
"relations","cluster","2009-02-08"
"relations","stats","2009-02-08"
"relaxo","graphics","2009-02-08"
"relaxo","utils","2009-02-08"
"relaxo","stats","2009-02-08"
"relimp","tcltk","2009-02-08"
"RFreak","methods","2009-02-08"
"RItools","graphics","2009-02-08"
"RItools","stats","2009-02-08"
"RItools","lattice","2009-02-08"
"RItools","grid","2009-02-08"
"RItools","SparseM","2009-02-08"
"RItools","xtable","2009-02-08"
"RKEA","tm","2009-02-08"
"RLadyBug","graphics","2009-02-08"
"RLadyBug","stats","2009-02-08"
"RLadyBug","grDevices","2009-02-08"
"RLadyBug","utils","2009-02-08"
"RLadyBug","MASS","2009-02-08"
"RLadyBug","boa","2009-02-08"
"RLadyBug","quadprog","2009-02-08"
"RODBC","stats","2009-02-08"
"rPorta","methods","2009-02-08"
"rrcov","stats4","2009-02-08"
"RSQLite","methods","2009-02-08"
"RSQLite","DBI (>= 0.2-3)","2009-02-08"
"RWeka","graphics","2009-02-08"
"RWeka","stats","2009-02-08"
"RWeka","utils","2009-02-08"
"sampling","lpSolve","2009-02-08"
"sandwich","stats","2009-02-08"
"SASxport","chron","2009-02-08"
"sets","stats","2009-02-08"
"SimComp","mvtnorm","2009-02-08"
"SimComp","multcomp","2009-02-08"
"SimComp","mratios","2009-02-08"
"simpleboot","stats","2009-02-08"
"simpleboot","graphics","2009-02-08"
"smacof","graphics","2009-02-08"
"smacof","stats","2009-02-08"
"snpXpert","genetics","2009-02-08"
"sp","utils","2009-02-08"
"sp","lattice","2009-02-08"
"sp","grid","2009-02-08"
"spectralGP","graphics","2009-02-08"
"spectralGP","stats","2009-02-08"
"spsurvey","MASS","2009-02-08"
"spsurvey","foreign","2009-02-08"
"SRPM","utils","2009-02-08"
"SRPM","filehash","2009-02-08"
"SRPM","cacheSweave","2009-02-08"
"SRPM","stashR","2009-02-08"
"stashR","tools","2009-02-08"
"stashR","filehash","2009-02-08"
"stashR","digest","2009-02-08"
"strucchange","graphics","2009-02-08"
"strucchange","stats","2009-02-08"
"svIDE","utils","2009-02-08"
"svMisc","utils","2009-02-08"
"svMisc","methods","2009-02-08"
"SweaveListingUtils","stats","2009-02-08"
"tframe","stats","2009-02-08"
"tframePlus","tframe","2009-02-08"
"tlnise","stats","2009-02-08"
"tm","proxy","2009-02-08"
"TSdbi","methods","2009-02-08"
"TSdbi","DBI","2009-02-08"
"tsDyn","nnet","2009-02-08"
"tsDyn","tseriesChaos","2009-02-08"
"tsDyn","tseries","2009-02-08"
"tsDyn","utils","2009-02-08"
"tseries","graphics","2009-02-08"
"tseries","stats","2009-02-08"
"tseries","utils","2009-02-08"
"TSfame","methods","2009-02-08"
"TSfame","TSdbi","2009-02-08"
"TSfame","DBI","2009-02-08"
"TSfame","tframe","2009-02-08"
"TShistQuote","DBI","2009-02-08"
"TShistQuote","methods","2009-02-08"
"tsModel","splines","2009-02-08"
"tsModel","stats","2009-02-08"
"tsModel","tlnise","2009-02-08"
"tsModel","MASS","2009-02-08"
"TSMySQL","methods","2009-02-08"
"TSMySQL","TSdbi","2009-02-08"
"TSMySQL","DBI","2009-02-08"
"TSMySQL","RMySQL (>= 0.6-0)","2009-02-08"
"TSodbc","methods","2009-02-08"
"TSodbc","TSdbi","2009-02-08"
"TSodbc","DBI","2009-02-08"
"TSodbc","RODBC (>= 0.6-0)","2009-02-08"
"TSpadi","DBI","2009-02-08"
"TSpadi","methods","2009-02-08"
"TSPostgreSQL","methods","2009-02-08"
"TSPostgreSQL","TSdbi","2009-02-08"
"TSPostgreSQL","DBI","2009-02-08"
"TSPostgreSQL","RPostgreSQL","2009-02-08"
"TSSQLite","methods","2009-02-08"
"TSSQLite","DBI","2009-02-08"
"TSSQLite","TSdbi","2009-02-08"
"TSSQLite","RSQLite","2009-02-08"
"UNF","utils","2009-02-08"
"urca","nlme","2009-02-08"
"urca","graphics","2009-02-08"
"urca","stats","2009-02-08"
"uroot","graphics","2009-02-08"
"vcd","stats","2009-02-08"
"vcd","utils","2009-02-08"
"vcd","MASS","2009-02-08"
"vcd","grDevices","2009-02-08"
"VhayuR","utils","2009-02-08"
"VhayuR","stats","2009-02-08"
"zoo","stats","2009-02-08"
"zoo","utils","2009-02-08"
"zoo","graphics","2009-02-08"
"zoo","grDevices","2009-02-08"
"zoo","lattice","2009-02-08"
"AcceptanceSampling","graphics","2009-11-19"
"accuracy","methods","2009-11-19"
"AER","stats","2009-11-19"
"anacor","graphics","2009-11-19"
"anacor","stats","2009-11-19"
"ape","gee","2009-11-19"
"ape","nlme","2009-11-19"
"ape","lattice","2009-11-19"
"aroma.affymetrix","MASS","2009-11-19"
"aroma.affymetrix","methods","2009-11-19"
"aroma.affymetrix","splines","2009-11-19"
"aroma.affymetrix","matrixStats (>= 0.1.4)","2009-11-19"
"aroma.core","affxparser (>= 1.16.0)","2009-11-19"
"aroma.core","RColorBrewer (>= 1.0-2)","2009-11-19"
"arules","stats","2009-11-19"
"arules","Matrix","2009-11-19"
"arulesNBMiner","methods","2009-11-19"
"arulesSequences","arules","2009-11-19"
"ascii","proto","2009-11-19"
"automap","lattice","2009-11-19"
"BARD","spdep","2009-11-19"
"BARD","iplots","2009-11-19"
"BayesX","sp","2009-11-19"
"BayesX","colorspace (>= 0.97)","2009-11-19"
"BayesX","coda","2009-11-19"
"BayesX","splines","2009-11-19"
"betareg","graphics","2009-11-19"
"betareg","sandwich","2009-11-19"
"betareg","lmtest","2009-11-19"
"biclust","methods","2009-11-19"
"BiplotGUI","colorspace","2009-11-19"
"BiplotGUI","KernSmooth","2009-11-19"
"BiplotGUI","MASS","2009-11-19"
"blockmodeling","stats","2009-11-19"
"boolean","stats","2009-11-19"
"boolean","Zelig","2009-11-19"
"BradleyTerry","brglm","2009-11-19"
"cairoDevice","grDevices","2009-11-19"
"calib","graphics","2009-11-19"
"cba","Matrix","2009-11-19"
"chron","graphics","2009-11-19"
"chron","stats","2009-11-19"
"class","MASS","2009-11-19"
"classGraph","methods","2009-11-19"
"classGraph","graph","2009-11-19"
"classGraph","Rgraphviz","2009-11-19"
"clinfun","mvtnorm","2009-11-19"
"clue","stats","2009-11-19"
"clue","cluster","2009-11-19"
"clue","graphics","2009-11-19"
"clue","methods","2009-11-19"
"cmrutils","grDevices","2009-11-19"
"connectedness","methods","2009-11-19"
"cramer","boot","2009-11-19"
"DBI","methods","2009-11-19"
"dclone","stats","2009-11-19"
"Design","survival (>= 2.35-2)","2009-11-19"
"diffusionMap","scatterplot3d","2009-11-19"
"distr","stats","2009-11-19"
"distrTEst","stats","2009-11-19"
"diveMove","stats4","2009-11-19"
"dlnm","stats","2009-11-19"
"dlnm","graphics","2009-11-19"
"dlnm","grDevices","2009-11-19"
"dlnm","splines","2009-11-19"
"dlnm","tsModel","2009-11-19"
"doBy","Hmisc","2009-11-19"
"doBy","Matrix","2009-11-19"
"dplR","lattice","2009-11-19"
"dplR","grid","2009-11-19"
"dtw","proxy","2009-11-19"
"dynlm","stats","2009-11-19"
"dynlm","strucchange","2009-11-19"
"e1071","graphics","2009-11-19"
"e1071","stats","2009-11-19"
"e1071","grDevices","2009-11-19"
"e1071","utils","2009-11-19"
"EffectiveDose","graphics","2009-11-19"
"EQL","lattice(>= 0.17-17)","2009-11-19"
"eRm","graphics","2009-11-19"
"eRm","stats","2009-11-19"
"eRm","MASS","2009-11-19"
"ETC","mvtnorm","2009-11-19"
"FAiR","stats4","2009-11-19"
"FAiR","rrcov","2009-11-19"
"fbati","tcltk","2009-11-19"
"fbati","fgui","2009-11-19"
"fechner","base","2009-11-19"
"fechner","graphics","2009-11-19"
"fechner","stats","2009-11-19"
"fgui","tcltk","2009-11-19"
"filehash","utils","2009-11-19"
"filehashSQLite","filehash","2009-11-19"
"filehashSQLite","DBI","2009-11-19"
"FKF","graphics","2009-11-19"
"flexclust","methods","2009-11-19"
"flexclust","stats","2009-11-19"
"flexclust","stats4","2009-11-19"
"flexmix","methods","2009-11-19"
"flexmix","stats","2009-11-19"
"flexmix","stats4","2009-11-19"
"foreign","methods","2009-11-19"
"foreign","utils","2009-11-19"
"frontier","moments (>= 0.11)","2009-11-19"
"frontier","lmtest (>= 0.9-24)","2009-11-19"
"fxregime","graphics","2009-11-19"
"fxregime","stats","2009-11-19"
"fxregime","zoo","2009-11-19"
"fxregime","sandwich","2009-11-19"
"fxregime","strucchange","2009-11-19"
"fxregime","car","2009-11-19"
"gamlss","MASS","2009-11-19"
"gamlss","survival","2009-11-19"
"gamlss.cens","survival","2009-11-19"
"gcExplorer","flexclust","2009-11-19"
"gcExplorer","modeltools","2009-11-19"
"gcExplorer","Rgraphviz","2009-11-19"
"gdata","gtools","2009-11-19"
"gene2pathway","SSOAP","2009-11-19"
"gene2pathway","RCurl","2009-11-19"
"ggplot2","reshape (>= 0.8.0)","2009-11-19"
"ggplot2","plyr (>= 0.1.6)","2009-11-19"
"ggplot2","splines","2009-11-19"
"ggplot2","MASS","2009-11-19"
"ggplot2","RColorBrewer","2009-11-19"
"ggplot2","grid","2009-11-19"
"ggplot2","proto","2009-11-19"
"gmm","stats","2009-11-19"
"gmodels","MASS","2009-11-19"
"gmodels","gdata","2009-11-19"
"gnm","MASS","2009-11-19"
"gnm","stats","2009-11-19"
"gnm","graphics","2009-11-19"
"gnm","nnet","2009-11-19"
"gnm","qvcalc (>= 0.8-3)","2009-11-19"
"gnm","relimp","2009-11-19"
"gpclib","graphics","2009-11-19"
"gpls","stats","2009-11-19"
"gRain","graph","2009-11-19"
"granova","Rcmdr","2009-11-19"
"graph","methods","2009-11-19"
"graph","stats","2009-11-19"
"graph","tools","2009-11-19"
"graph","utils","2009-11-19"
"gsarima","MASS","2009-11-19"
"gstat","lattice","2009-11-19"
"gWidgetsRGtk2","RGtk2(>= 2.12.8)","2009-11-19"
"Hmisc","lattice","2009-11-19"
"Hmisc","cluster","2009-11-19"
"Hmisc","survival","2009-11-19"
"homals","graphics","2009-11-19"
"homals","stats","2009-11-19"
"howmany","graphics","2009-11-19"
"howmany","stats","2009-11-19"
"hydrosanity","RGtk2","2009-11-19"
"hydrosanity","gWidgets","2009-11-19"
"hydrosanity","reshape","2009-11-19"
"hydrosanity","grid","2009-11-19"
"hydrosanity","grDevices","2009-11-19"
"hydrosanity","stats","2009-11-19"
"hydrosanity","utils","2009-11-19"
"kza","ff","2009-11-19"
"languageR","methods","2009-11-19"
"languageR","lattice","2009-11-19"
"languageR","coda","2009-11-19"
"languageR","lme4","2009-11-19"
"lattice","grid","2009-11-19"
"lattice","grDevices","2009-11-19"
"lattice","graphics","2009-11-19"
"lattice","stats","2009-11-19"
"lattice","utils","2009-11-19"
"latticeExtra","lattice (>= 0.16-3)","2009-11-19"
"latticeExtra","grid","2009-11-19"
"latticist","gWidgets (>= 0.0-30)","2009-11-19"
"lcd","MASS","2009-11-19"
"lcd","ggm","2009-11-19"
"LDheatmap","genetics","2009-11-19"
"lga","boot","2009-11-19"
"lga","lattice","2009-11-19"
"lme4","graphics","2009-11-19"
"lme4","stats","2009-11-19"
"lmtest","stats","2009-11-19"
"lmtest","graphics","2009-11-19"
"Matrix","graphics","2009-11-19"
"Matrix","lattice","2009-11-19"
"Matrix","grid","2009-11-19"
"Matrix","stats","2009-11-19"
"MBESS","MASS","2009-11-19"
"MBESS","gsl","2009-11-19"
"mgcv","graphics","2009-11-19"
"mgcv","stats","2009-11-19"
"mgcv","nlme","2009-11-19"
"mgcv","Matrix","2009-11-19"
"mixPHM","graphics","2009-11-19"
"mixPHM","stats","2009-11-19"
"MLDS","MASS","2009-11-19"
"modeltools","methods","2009-11-19"
"monoProc","graphics","2009-11-19"
"mratios","mvtnorm","2009-11-19"
"msm","survival","2009-11-19"
"msm","mvtnorm","2009-11-19"
"mstate","survival","2009-11-19"
"muhaz","survival","2009-11-19"
"multtest","survival","2009-11-19"
"multtest","MASS","2009-11-19"
"mvtnorm","stats","2009-11-19"
"nlme","lattice","2009-11-19"
"nodeHarvest","graphics","2009-11-19"
"nodeHarvest","utils","2009-11-19"
"nodeHarvest","stats","2009-11-19"
"OAIHarvester","XML","2009-11-19"
"oblique.tree","nnet","2009-11-19"
"oblique.tree","glmnet","2009-11-19"
"openNLP","methods","2009-11-19"
"openNLP","rJava (>= 0.6-3)","2009-11-19"
"openNLP","tm","2009-11-19"
"optBiomarker","rgl","2009-11-19"
"optBiomarker","MASS","2009-11-19"
"optBiomarker","randomForest","2009-11-19"
"optBiomarker","e1071","2009-11-19"
"optBiomarker","ipred","2009-11-19"
"optBiomarker","msm","2009-11-19"
"pbatR","tcltk","2009-11-19"
"pedigreemm","graphics","2009-11-19"
"pedigreemm","stats","2009-11-19"
"penalized","survival","2009-11-19"
"phangorn","ape","2009-11-19"
"phangorn","stats","2009-11-19"
"playwith","RGtk2 (>= 2.10.11)","2009-11-19"
"playwith","gWidgets (>= 0.0-30)","2009-11-19"
"playwith","gridBase","2009-11-19"
"playwith","grDevices","2009-11-19"
"playwith","graphics","2009-11-19"
"playwith","stats","2009-11-19"
"playwith","utils","2009-11-19"
"polyapost","boot","2009-11-19"
"polynom","stats","2009-11-19"
"polynom","graphics","2009-11-19"
"polySegratioMM","gtools","2009-11-19"
"powerSurvEpi","stats","2009-11-19"
"powerSurvEpi","survival","2009-11-19"
"psychometric","multilevel","2009-11-19"
"psychometric","nlme","2009-11-19"
"psychotree","graphics","2009-11-19"
"psychotree","stats","2009-11-19"
"psychotree","sandwich","2009-11-19"
"QCA3","lpSolve","2009-11-19"
"QCA3","gtools","2009-11-19"
"quantregForest","stats","2009-11-19"
"quantregForest","graphics","2009-11-19"
"quantregForest","grDevices","2009-11-19"
"R.methodsS3","utils","2009-11-19"
"R.oo","methods","2009-11-19"
"RBGL","methods","2009-11-19"
"Rcapture","stats","2009-11-19"
"Rcapture","graphics","2009-11-19"
"relations","cluster","2009-11-19"
"relations","stats","2009-11-19"
"relations","slam","2009-11-19"
"relaxo","graphics","2009-11-19"
"relaxo","utils","2009-11-19"
"relaxo","stats","2009-11-19"
"relimp","tcltk","2009-11-19"
"RFreak","methods","2009-11-19"
"rggobi","RGtk2","2009-11-19"
"rggobi","utils","2009-11-19"
"rggobi","methods","2009-11-19"
"RItools","graphics","2009-11-19"
"RItools","stats","2009-11-19"
"RItools","lattice","2009-11-19"
"RItools","grid","2009-11-19"
"RItools","SparseM","2009-11-19"
"RItools","xtable","2009-11-19"
"RKEA","rJava (>= 0.6-3)","2009-11-19"
"RKEA","tm","2009-11-19"
"RLadyBug","graphics","2009-11-19"
"RLadyBug","stats","2009-11-19"
"RLadyBug","grDevices","2009-11-19"
"RLadyBug","utils","2009-11-19"
"RLadyBug","MASS","2009-11-19"
"RLadyBug","boa","2009-11-19"
"RLadyBug","quadprog","2009-11-19"
"rms","survival","2009-11-19"
"RODBC","stats","2009-11-19"
"rPorta","methods","2009-11-19"
"RQDA","RGtk2 (>= 2.12.8)","2009-11-19"
"RQDA","methods","2009-11-19"
"rrcov","stats4","2009-11-19"
"RSiena","Matrix","2009-11-19"
"RSQLite","methods","2009-11-19"
"RSQLite","DBI (>= 0.2-3)","2009-11-19"
"RthroughExcelWorkbooksInstaller","RExcelInstaller (>= 3.0-6)","2009-11-19"
"RWeka","graphics","2009-11-19"
"RWeka","stats","2009-11-19"
"RWeka","utils","2009-11-19"
"RWeka","rJava (>= 0.6-3)","2009-11-19"
"RWeka","grid","2009-11-19"
"sampling","lpSolve","2009-11-19"
"sandwich","stats","2009-11-19"
"SASxport","chron","2009-11-19"
"seewave","tuneR","2009-11-19"
"seewave","rgl","2009-11-19"
"seewave","rpanel","2009-11-19"
"seewave","tcltk","2009-11-19"
"sets","stats","2009-11-19"
"SimComp","mvtnorm","2009-11-19"
"SimComp","multcomp","2009-11-19"
"SimComp","mratios","2009-11-19"
"simFrame","lattice","2009-11-19"
"simFrame","methods","2009-11-19"
"simFrame","stats4","2009-11-19"
"simpleboot","stats","2009-11-19"
"simpleboot","graphics","2009-11-19"
"skmeans","slam (>= 0.1-6)","2009-11-19"
"skmeans","clue (>= 0.3-32)","2009-11-19"
"smacof","graphics","2009-11-19"
"smacof","stats","2009-11-19"
"Snowball","RWeka (>= 0.3-19)","2009-11-19"
"Snowball","rJava (>= 0.6-3)","2009-11-19"
"snpXpert","genetics","2009-11-19"
"sp","utils","2009-11-19"
"sp","lattice","2009-11-19"
"sp","grid","2009-11-19"
"spcosa","sp (>= 0.9-44)","2009-11-19"
"spectralGP","graphics","2009-11-19"
"spectralGP","stats","2009-11-19"
"spsurvey","MASS","2009-11-19"
"spsurvey","foreign","2009-11-19"
"SRPM","utils","2009-11-19"
"SRPM","filehash","2009-11-19"
"SRPM","cacheSweave","2009-11-19"
"SRPM","stashR","2009-11-19"
"stashR","tools","2009-11-19"
"stashR","digest","2009-11-19"
"strucchange","graphics","2009-11-19"
"strucchange","stats","2009-11-19"
"svDialogs","tcltk","2009-11-19"
"svDialogs","svMisc","2009-11-19"
"svGUI","svMisc","2009-11-19"
"svGUI","svSocket (>= 0.9-48)","2009-11-19"
"svIDE","utils","2009-11-19"
"svIDE","tcltk","2009-11-19"
"svIDE","svMisc","2009-11-19"
"svMisc","utils","2009-11-19"
"svMisc","methods","2009-11-19"
"svSocket","tcltk","2009-11-19"
"svSocket","svMisc","2009-11-19"
"svSweave","utils","2009-11-19"
"svTools","utils","2009-11-19"
"svTools","tools","2009-11-19"
"svTools","codetools","2009-11-19"
"svTools","svMisc","2009-11-19"
"svTools","operators","2009-11-19"
"svWidgets","utils","2009-11-19"
"svWidgets","tcltk","2009-11-19"
"svWidgets","svMisc","2009-11-19"
"SweaveListingUtils","stats","2009-11-19"
"textcat","tau (>= 0.0-4)","2009-11-19"
"tframe","stats","2009-11-19"
"tframePlus","tframe","2009-11-19"
"tlemix","methods","2009-11-19"
"tlemix","flexmix","2009-11-19"
"tlemix","modeltools","2009-11-19"
"tlemix","stats4","2009-11-19"
"tlnise","stats","2009-11-19"
"tm","slam (>= 0.1-1)","2009-11-19"
"tm.plugin.mail","tm (>= 0.5)","2009-11-19"
"tmvtnorm","stats","2009-11-19"
"tmvtnorm","graphics","2009-11-19"
"TSdbi","methods","2009-11-19"
"TSdbi","DBI","2009-11-19"
"tsDyn","nnet","2009-11-19"
"tsDyn","tseriesChaos","2009-11-19"
"tsDyn","tseries","2009-11-19"
"tsDyn","utils","2009-11-19"
"tseries","graphics","2009-11-19"
"tseries","stats","2009-11-19"
"tseries","utils","2009-11-19"
"TSfame","methods","2009-11-19"
"TSfame","DBI","2009-11-19"
"TSfame","TSdbi (>= 2009.5-1)","2009-11-19"
"TSfame","tframe","2009-11-19"
"TShistQuote","methods","2009-11-19"
"TShistQuote","DBI","2009-11-19"
"TShistQuote","TSdbi (>= 2009.5-1)","2009-11-19"
"tsModel","splines","2009-11-19"
"tsModel","stats","2009-11-19"
"tsModel","tlnise","2009-11-19"
"tsModel","MASS","2009-11-19"
"TSMySQL","methods","2009-11-19"
"TSMySQL","TSdbi (>= 2009.5-1)","2009-11-19"
"TSMySQL","DBI","2009-11-19"
"TSMySQL","RMySQL (>= 0.6-0)","2009-11-19"
"TSodbc","methods","2009-11-19"
"TSodbc","TSdbi (>= 2009.5-1)","2009-11-19"
"TSodbc","DBI","2009-11-19"
"TSodbc","RODBC (>= 0.6-0)","2009-11-19"
"TSpadi","methods","2009-11-19"
"TSpadi","DBI","2009-11-19"
"TSpadi","TSdbi (>= 2009.5-1)","2009-11-19"
"TSPostgreSQL","methods","2009-11-19"
"TSPostgreSQL","TSdbi (>= 2009.5-1)","2009-11-19"
"TSPostgreSQL","DBI","2009-11-19"
"TSPostgreSQL","RPostgreSQL","2009-11-19"
"TSSQLite","methods","2009-11-19"
"TSSQLite","DBI","2009-11-19"
"TSSQLite","TSdbi (>= 2009.5-1)","2009-11-19"
"TSSQLite","RSQLite","2009-11-19"
"urca","nlme","2009-11-19"
"urca","graphics","2009-11-19"
"urca","stats","2009-11-19"
"vcd","stats","2009-11-19"
"vcd","utils","2009-11-19"
"vcd","MASS","2009-11-19"
"vcd","grDevices","2009-11-19"
"VhayuR","utils","2009-11-19"
"VhayuR","stats","2009-11-19"
"VIM","car","2009-11-19"
"VIM","grDevices","2009-11-19"
"VIM","robustbase","2009-11-19"
"VIM","stats","2009-11-19"
"VIM","tcltk","2009-11-19"
"VIM","sp","2009-11-19"
"VIM","utils","2009-11-19"
"wordnet","rJava (>= 0.6-3)","2009-11-19"
"XML","methods","2009-11-19"
"zoo","stats","2009-11-19"
"zoo","utils","2009-11-19"
"zoo","graphics","2009-11-19"
"zoo","grDevices","2009-11-19"
"zoo","lattice","2009-11-19"
"AcceptanceSampling","graphics","2010-08-28"
"accuracy","methods","2010-08-28"
"AER","stats","2010-08-28"
"AIM","survival","2010-08-28"
"anacor","graphics","2010-08-28"
"anacor","stats","2010-08-28"
"apcluster","methods","2010-08-28"
"apcluster","stats","2010-08-28"
"apcluster","graphics","2010-08-28"
"apcluster","utils","2010-08-28"
"ape","gee","2010-08-28"
"ape","nlme","2010-08-28"
"ape","lattice","2010-08-28"
"apTreeshape","ape","2010-08-28"
"apTreeshape","quantreg","2010-08-28"
"aroma.affymetrix","MASS","2010-08-28"
"aroma.affymetrix","methods","2010-08-28"
"aroma.affymetrix","splines","2010-08-28"
"aroma.affymetrix","matrixStats (>= 0.2.1)","2010-08-28"
"aroma.core","affxparser (>= 1.16.0)","2010-08-28"
"aroma.core","RColorBrewer (>= 1.0-2)","2010-08-28"
"arules","stats","2010-08-28"
"arules","Matrix","2010-08-28"
"arulesNBMiner","methods","2010-08-28"
"arulesSequences","arules","2010-08-28"
"ascii","proto","2010-08-28"
"aspect","stats","2010-08-28"
"aspect","graphics","2010-08-28"
"automap","lattice","2010-08-28"
"BARD","maptools","2010-08-28"
"BARD","spdep","2010-08-28"
"BARD","iplots","2010-08-28"
"BAS","stats","2010-08-28"
"BayesX","sp","2010-08-28"
"BayesX","colorspace (>= 0.97)","2010-08-28"
"BayesX","coda","2010-08-28"
"BayesX","splines","2010-08-28"
"betareg","graphics","2010-08-28"
"betareg","sandwich","2010-08-28"
"betareg","lmtest","2010-08-28"
"biclust","methods","2010-08-28"
"BioIDMapper","RGtk2 (>= 2.12.8)","2010-08-28"
"BioIDMapper","gWidgets (>= 0.0-31)","2010-08-28"
"BiplotGUI","colorspace","2010-08-28"
"BiplotGUI","KernSmooth","2010-08-28"
"BiplotGUI","MASS","2010-08-28"
"blockmodeling","stats","2010-08-28"
"boolean","stats","2010-08-28"
"boolean","Zelig","2010-08-28"
"BoSSA","ape","2010-08-28"
"BoSSA","SoDA","2010-08-28"
"BradleyTerry","brglm","2010-08-28"
"BradleyTerry2","MASS","2010-08-28"
"BradleyTerry2","nlme","2010-08-28"
"BradleyTerry2","brglm","2010-08-28"
"BradleyTerry2","gtools","2010-08-28"
"BradleyTerry2","lme4","2010-08-28"
"cacher","utils","2010-08-28"
"cacheSweave","utils","2010-08-28"
"cacheSweave","digest","2010-08-28"
"cairoDevice","grDevices","2010-08-28"
"calib","graphics","2010-08-28"
"catnet","methods","2010-08-28"
"catnet","stats","2010-08-28"
"catnet","tools","2010-08-28"
"catnet","utils","2010-08-28"
"cba","Matrix","2010-08-28"
"censReg","glmmML (>= 0.81-6)","2010-08-28"
"chron","graphics","2010-08-28"
"chron","stats","2010-08-28"
"class","MASS","2010-08-28"
"classGraph","methods","2010-08-28"
"classGraph","graph","2010-08-28"
"classGraph","Rgraphviz","2010-08-28"
"clinfun","mvtnorm","2010-08-28"
"clue","stats","2010-08-28"
"clue","cluster","2010-08-28"
"clue","graphics","2010-08-28"
"clue","methods","2010-08-28"
"cmrutils","grDevices","2010-08-28"
"constrainedKriging","gpclib(>= 1.5-1)","2010-08-28"
"constrainedKriging","RandomFields(>= 1.3.41)","2010-08-28"
"cramer","boot","2010-08-28"
"DBI","methods","2010-08-28"
"DCGL","igraph","2010-08-28"
"dclone","stats","2010-08-28"
"Design","survival (>= 2.35-2)","2010-08-28"
"diffusionMap","scatterplot3d","2010-08-28"
"diffusionMap","igraph","2010-08-28"
"diffusionMap","Matrix","2010-08-28"
"distr","stats","2010-08-28"
"distrTEst","stats","2010-08-28"
"diveMove","stats4","2010-08-28"
"dlnm","stats","2010-08-28"
"dlnm","graphics","2010-08-28"
"dlnm","grDevices","2010-08-28"
"dlnm","splines","2010-08-28"
"dlnm","tsModel","2010-08-28"
"doBy","Matrix","2010-08-28"
"dplR","lattice","2010-08-28"
"dplR","grid","2010-08-28"
"dtw","proxy","2010-08-28"
"dynlm","stats","2010-08-28"
"dynlm","strucchange","2010-08-28"
"e1071","graphics","2010-08-28"
"e1071","stats","2010-08-28"
"e1071","grDevices","2010-08-28"
"e1071","utils","2010-08-28"
"eba","nlme","2010-08-28"
"EffectiveDose","graphics","2010-08-28"
"EQL","lattice(>= 0.17-17)","2010-08-28"
"eRm","graphics","2010-08-28"
"eRm","stats","2010-08-28"
"eRm","MASS","2010-08-28"
"eRm","methods","2010-08-28"
"ETC","mvtnorm","2010-08-28"
"FAiR","stats4","2010-08-28"
"FAiR","rrcov","2010-08-28"
"fbati","tcltk","2010-08-28"
"fbati","fgui","2010-08-28"
"fechner","base","2010-08-28"
"fechner","graphics","2010-08-28"
"fechner","stats","2010-08-28"
"FGN","ltsa","2010-08-28"
"fgui","tcltk","2010-08-28"
"filehash","utils","2010-08-28"
"filehashSQLite","filehash","2010-08-28"
"filehashSQLite","DBI","2010-08-28"
"FitAR","lattice","2010-08-28"
"FitAR","leaps","2010-08-28"
"FitAR","ltsa","2010-08-28"
"FitAR","bestglm","2010-08-28"
"FKF","graphics","2010-08-28"
"flexclust","methods","2010-08-28"
"flexclust","stats","2010-08-28"
"flexclust","stats4","2010-08-28"
"flexmix","methods","2010-08-28"
"flexmix","stats","2010-08-28"
"flexmix","stats4","2010-08-28"
"foreign","methods","2010-08-28"
"foreign","utils","2010-08-28"
"frontier","moments (>= 0.11)","2010-08-28"
"fxregime","graphics","2010-08-28"
"fxregime","stats","2010-08-28"
"fxregime","zoo","2010-08-28"
"fxregime","sandwich","2010-08-28"
"fxregime","strucchange","2010-08-28"
"fxregime","car","2010-08-28"
"gamlss","MASS","2010-08-28"
"gamlss","survival","2010-08-28"
"gamlss.cens","survival","2010-08-28"
"gcExplorer","flexclust","2010-08-28"
"gcExplorer","modeltools","2010-08-28"
"gdata","gtools","2010-08-28"
"gene2pathway","SSOAP","2010-08-28"
"gene2pathway","RCurl","2010-08-28"
"ggplot2","plyr (>= 1.0)","2010-08-28"
"ggplot2","splines","2010-08-28"
"ggplot2","MASS","2010-08-28"
"ggplot2","RColorBrewer","2010-08-28"
"ggplot2","digest","2010-08-28"
"ggplot2","colorspace","2010-08-28"
"gmm","stats","2010-08-28"
"gmodels","MASS","2010-08-28"
"gmodels","gdata","2010-08-28"
"gnm","MASS","2010-08-28"
"gnm","stats","2010-08-28"
"gnm","graphics","2010-08-28"
"gnm","Matrix","2010-08-28"
"gnm","nnet","2010-08-28"
"gnm","qvcalc (>= 0.8-3)","2010-08-28"
"gnm","relimp","2010-08-28"
"gpclib","graphics","2010-08-28"
"gpls","stats","2010-08-28"
"gRain","graph","2010-08-28"
"graph","methods","2010-08-28"
"graph","stats","2010-08-28"
"graph","tools","2010-08-28"
"graph","utils","2010-08-28"
"gsarima","MASS","2010-08-28"
"gstat","lattice","2010-08-28"
"gWidgetsRGtk2","RGtk2(>= 2.12.8)","2010-08-28"
"Hmisc","lattice","2010-08-28"
"Hmisc","cluster","2010-08-28"
"Hmisc","survival","2010-08-28"
"homals","graphics","2010-08-28"
"homals","stats","2010-08-28"
"hopach","Biobase","2010-08-28"
"hopach","cluster","2010-08-28"
"hopach","graphics","2010-08-28"
"hopach","grDevices","2010-08-28"
"hopach","methods","2010-08-28"
"hopach","stats","2010-08-28"
"hopach","utils","2010-08-28"
"howmany","graphics","2010-08-28"
"howmany","stats","2010-08-28"
"hydrosanity","RGtk2","2010-08-28"
"hydrosanity","gWidgets","2010-08-28"
"hydrosanity","reshape","2010-08-28"
"hydrosanity","grid","2010-08-28"
"hydrosanity","grDevices","2010-08-28"
"hydrosanity","stats","2010-08-28"
"hydrosanity","utils","2010-08-28"
"Icens","graphics","2010-08-28"
"languageR","methods","2010-08-28"
"languageR","lattice","2010-08-28"
"languageR","coda","2010-08-28"
"languageR","lme4","2010-08-28"
"lattice","grid","2010-08-28"
"lattice","grDevices","2010-08-28"
"lattice","graphics","2010-08-28"
"lattice","stats","2010-08-28"
"lattice","utils","2010-08-28"
"latticeExtra","lattice (>= 0.18-1)","2010-08-28"
"latticeExtra","grid","2010-08-28"
"latticist","gWidgets (>= 0.0-30)","2010-08-28"
"lcd","MASS","2010-08-28"
"lcd","ggm","2010-08-28"
"LDheatmap","genetics","2010-08-28"
"lga","boot","2010-08-28"
"lga","lattice","2010-08-28"
"lme4","graphics","2010-08-28"
"lme4","nlme","2010-08-28"
"lme4","stats4","2010-08-28"
"lme4","stats","2010-08-28"
"lmtest","stats","2010-08-28"
"lmtest","graphics","2010-08-28"
"MADAM","RColorBrewer","2010-08-28"
"MADAM","GeneMeta","2010-08-28"
"MADAM","gplots","2010-08-28"
"MADAM","genefilter","2010-08-28"
"MADAM","impute","2010-08-28"
"Matrix","graphics","2010-08-28"
"Matrix","grid","2010-08-28"
"maxLik","sandwich","2010-08-28"
"mboost","Matrix","2010-08-28"
"mboost","survival","2010-08-28"
"mboost","splines","2010-08-28"
"mboost","lattice","2010-08-28"
"mcmcplots","sfsmisc","2010-08-28"
"mcmcplots","R2HTML","2010-08-28"
"mcmcplots","colorspace","2010-08-28"
"mgcv","graphics","2010-08-28"
"mgcv","stats","2010-08-28"
"mgcv","nlme","2010-08-28"
"mgcv","Matrix","2010-08-28"
"mixPHM","graphics","2010-08-28"
"mixPHM","stats","2010-08-28"
"MLDS","MASS","2010-08-28"
"modeltools","methods","2010-08-28"
"monoProc","graphics","2010-08-28"
"mratios","mvtnorm","2010-08-28"
"msm","survival","2010-08-28"
"msm","mvtnorm","2010-08-28"
"mstate","survival","2010-08-28"
"mugnet","methods","2010-08-28"
"mugnet","stats","2010-08-28"
"mugnet","tools","2010-08-28"
"mugnet","utils","2010-08-28"
"muhaz","survival","2010-08-28"
"multtest","survival","2010-08-28"
"multtest","MASS","2010-08-28"
"mutatr","digest","2010-08-28"
"mvtnorm","stats","2010-08-28"
"nacopula","gsl","2010-08-28"
"nlme","lattice","2010-08-28"
"nodeHarvest","graphics","2010-08-28"
"nodeHarvest","utils","2010-08-28"
"nodeHarvest","stats","2010-08-28"
"OAIHarvester","XML","2010-08-28"
"OAIHarvester","RCurl","2010-08-28"
"oblique.tree","nnet","2010-08-28"
"oblique.tree","glmnet","2010-08-28"
"openNLP","methods","2010-08-28"
"openNLP","rJava (>= 0.6-3)","2010-08-28"
"openNLP","tm","2010-08-28"
"optBiomarker","rgl","2010-08-28"
"optBiomarker","MASS","2010-08-28"
"optBiomarker","randomForest","2010-08-28"
"optBiomarker","e1071","2010-08-28"
"optBiomarker","ipred","2010-08-28"
"optBiomarker","msm","2010-08-28"
"ordinal","numDeriv","2010-08-28"
"pbatR","tcltk","2010-08-28"
"pedigreemm","graphics","2010-08-28"
"pedigreemm","stats","2010-08-28"
"penalized","survival","2010-08-28"
"pgfSweave","digest","2010-08-28"
"pgfSweave","tools","2010-08-28"
"pgfSweave","utils","2010-08-28"
"phangorn","ape","2010-08-28"
"phangorn","stats","2010-08-28"
"PKgraph","RGtk2","2010-08-28"
"PKgraph","gWidgetsRGtk2","2010-08-28"
"playwith","RGtk2 (>= 2.10.11)","2010-08-28"
"playwith","gWidgets (>= 0.0-30)","2010-08-28"
"playwith","gridBase","2010-08-28"
"playwith","grDevices","2010-08-28"
"playwith","graphics","2010-08-28"
"playwith","stats","2010-08-28"
"playwith","utils","2010-08-28"
"plink","MASS","2010-08-28"
"plink","statmod","2010-08-28"
"plyr","itertools","2010-08-28"
"plyr","iterators","2010-08-28"
"polyapost","boot","2010-08-28"
"polynom","stats","2010-08-28"
"polynom","graphics","2010-08-28"
"polySegratioMM","gtools","2010-08-28"
"pomp","mvtnorm","2010-08-28"
"pomp","subplex","2010-08-28"
"pomp","deSolve","2010-08-28"
"powerSurvEpi","stats","2010-08-28"
"powerSurvEpi","survival","2010-08-28"
"psychometric","multilevel","2010-08-28"
"psychometric","nlme","2010-08-28"
"psychotree","graphics","2010-08-28"
"psychotree","stats","2010-08-28"
"psychotree","sandwich","2010-08-28"
"QCA3","lpSolve","2010-08-28"
"QTLNetworkR","RGtk2","2010-08-28"
"qualityTools","graphics","2010-08-28"
"quantregForest","stats","2010-08-28"
"quantregForest","graphics","2010-08-28"
"quantregForest","grDevices","2010-08-28"
"R.methodsS3","utils","2010-08-28"
"R.oo","methods","2010-08-28"
"randtoolbox","rngWELL","2010-08-28"
"RBGL","methods","2010-08-28"
"rbounds","lattice","2010-08-28"
"Rcapture","stats","2010-08-28"
"Rcapture","graphics","2010-08-28"
"recommenderlab","Matrix","2010-08-28"
"recommenderlab","arules","2010-08-28"
"relations","cluster","2010-08-28"
"relations","stats","2010-08-28"
"relations","slam","2010-08-28"
"relaxo","graphics","2010-08-28"
"relaxo","utils","2010-08-28"
"relaxo","stats","2010-08-28"
"relimp","tcltk","2010-08-28"
"rEMM","stats","2010-08-28"
"RFreak","methods","2010-08-28"
"rggobi","RGtk2","2010-08-28"
"rggobi","utils","2010-08-28"
"rggobi","methods","2010-08-28"
"RItools","graphics","2010-08-28"
"RItools","stats","2010-08-28"
"RItools","lattice","2010-08-28"
"RItools","grid","2010-08-28"
"RItools","SparseM","2010-08-28"
"RItools","xtable","2010-08-28"
"RKEA","rJava (>= 0.6-3)","2010-08-28"
"RKEA","tm","2010-08-28"
"RLadyBug","graphics","2010-08-28"
"RLadyBug","stats","2010-08-28"
"RLadyBug","grDevices","2010-08-28"
"RLadyBug","utils","2010-08-28"
"RLadyBug","MASS","2010-08-28"
"RLadyBug","boa","2010-08-28"
"RLadyBug","quadprog","2010-08-28"
"rms","survival","2010-08-28"
"RNCBI","methods","2010-08-28"
"RNCBIAxis2Libs","methods","2010-08-28"
"RNCBIEUtilsLibs","methods","2010-08-28"
"RODBC","stats","2010-08-28"
"rPorta","methods","2010-08-28"
"RQDA","RGtk2 (>= 2.12.12)","2010-08-28"
"RQDA","methods","2010-08-28"
"rrcov","stats4","2010-08-28"
"RSiena","Matrix","2010-08-28"
"RSQLite","methods","2010-08-28"
"RSQLite","DBI (>= 0.2-3)","2010-08-28"
"RthroughExcelWorkbooksInstaller","RExcelInstaller (>= 3.0-6)","2010-08-28"
"RWeka","graphics","2010-08-28"
"RWeka","stats","2010-08-28"
"RWeka","utils","2010-08-28"
"RWeka","rJava (>= 0.6-3)","2010-08-28"
"RWeka","grid","2010-08-28"
"sampleSelection","miscTools (>= 0.6-3)","2010-08-28"
"sampling","lpSolve","2010-08-28"
"sandwich","stats","2010-08-28"
"SASxport","chron","2010-08-28"
"SciViews","ellipse","2010-08-28"
"sdcMicro","car","2010-08-28"
"sdcMicro","robustbase","2010-08-28"
"sdcMicro","cluster","2010-08-28"
"sdcMicro","MASS","2010-08-28"
"sdcMicro","e1071","2010-08-28"
"sdcMicro","mclust","2010-08-28"
"sdcMicro","tcltk","2010-08-28"
"seewave","tuneR","2010-08-28"
"seewave","rgl","2010-08-28"
"seewave","rpanel","2010-08-28"
"seewave","tcltk","2010-08-28"
"sets","stats","2010-08-28"
"SimComp","mvtnorm","2010-08-28"
"SimComp","multcomp","2010-08-28"
"SimComp","mratios","2010-08-28"
"simFrame","lattice","2010-08-28"
"simFrame","methods","2010-08-28"
"simFrame","stats","2010-08-28"
"simFrame","stats4","2010-08-28"
"simFrame","utils","2010-08-28"
"simpleboot","stats","2010-08-28"
"simpleboot","graphics","2010-08-28"
"simPopulation","lattice","2010-08-28"
"simPopulation","vcd","2010-08-28"
"skmeans","slam (>= 0.1-9)","2010-08-28"
"skmeans","clue (>= 0.3-32)","2010-08-28"
"smacof","graphics","2010-08-28"
"smacof","stats","2010-08-28"
"Snowball","RWeka (>= 0.3-19)","2010-08-28"
"Snowball","rJava (>= 0.6-3)","2010-08-28"
"snpXpert","genetics","2010-08-28"
"sp","utils","2010-08-28"
"sp","lattice","2010-08-28"
"sp","grid","2010-08-28"
"spcosa","sp (>= 0.9-44)","2010-08-28"
"spectralGP","graphics","2010-08-28"
"spectralGP","stats","2010-08-28"
"spsurvey","MASS","2010-08-28"
"spsurvey","foreign","2010-08-28"
"SRPM","utils","2010-08-28"
"SRPM","filehash","2010-08-28"
"SRPM","cacheSweave","2010-08-28"
"SRPM","stashR","2010-08-28"
"stashR","tools","2010-08-28"
"stashR","digest","2010-08-28"
"StMoSim","MASS","2010-08-28"
"stringr","plyr","2010-08-28"
"strucchange","graphics","2010-08-28"
"strucchange","stats","2010-08-28"
"svDialogs","tcltk","2010-08-28"
"svDialogs","svMisc","2010-08-28"
"svGUI","svMisc","2010-08-28"
"svGUI","svSocket (>= 0.9-48)","2010-08-28"
"svIDE","utils","2010-08-28"
"svIDE","tcltk","2010-08-28"
"svIDE","svMisc","2010-08-28"
"svIDE","XML","2010-08-28"
"svMisc","utils","2010-08-28"
"svMisc","methods","2010-08-28"
"svSocket","tcltk","2010-08-28"
"svSocket","svMisc","2010-08-28"
"svSweave","utils","2010-08-28"
"svTools","utils","2010-08-28"
"svTools","tools","2010-08-28"
"svTools","codetools","2010-08-28"
"svTools","svMisc","2010-08-28"
"svTools","operators","2010-08-28"
"svWidgets","utils","2010-08-28"
"svWidgets","tcltk","2010-08-28"
"svWidgets","svMisc","2010-08-28"
"SweaveListingUtils","stats","2010-08-28"
"tcltk2","tcltk","2010-08-28"
"termstrc","urca","2010-08-28"
"termstrc","sandwich","2010-08-28"
"textcat","tau (>= 0.0-7)","2010-08-28"
"tframe","stats","2010-08-28"
"tframePlus","tframe","2010-08-28"
"tlemix","methods","2010-08-28"
"tlemix","flexmix","2010-08-28"
"tlemix","modeltools","2010-08-28"
"tlemix","stats4","2010-08-28"
"tlnise","stats","2010-08-28"
"tm","slam (>= 0.1-10)","2010-08-28"
"tm.plugin.mail","tm (>= 0.5)","2010-08-28"
"tmvtnorm","stats","2010-08-28"
"TSdbi","methods","2010-08-28"
"TSdbi","DBI","2010-08-28"
"tsDyn","nnet","2010-08-28"
"tsDyn","tseriesChaos","2010-08-28"
"tsDyn","tseries","2010-08-28"
"tsDyn","utils","2010-08-28"
"tseries","graphics","2010-08-28"
"tseries","stats","2010-08-28"
"tseries","utils","2010-08-28"
"TSfame","methods","2010-08-28"
"TSfame","DBI","2010-08-28"
"TSfame","TSdbi (>= 2010.5-1)","2010-08-28"
"TSfame","tframe","2010-08-28"
"TShistQuote","methods","2010-08-28"
"TShistQuote","DBI","2010-08-28"
"TShistQuote","TSdbi (>= 2010.5-1)","2010-08-28"
"tsModel","splines","2010-08-28"
"tsModel","stats","2010-08-28"
"tsModel","tlnise","2010-08-28"
"tsModel","MASS","2010-08-28"
"TSMySQL","methods","2010-08-28"
"TSMySQL","TSdbi (>= 2010.5-1)","2010-08-28"
"TSMySQL","DBI","2010-08-28"
"TSMySQL","RMySQL (>= 0.6-0)","2010-08-28"
"TSodbc","methods","2010-08-28"
"TSodbc","TSdbi (>= 2010.5-1)","2010-08-28"
"TSodbc","DBI","2010-08-28"
"TSodbc","RODBC (>= 0.6-0)","2010-08-28"
"TSpadi","methods","2010-08-28"
"TSpadi","DBI","2010-08-28"
"TSpadi","TSdbi (>= 2010.5-1)","2010-08-28"
"TSPostgreSQL","methods","2010-08-28"
"TSPostgreSQL","TSdbi (>= 2010.3-1)","2010-08-28"
"TSPostgreSQL","DBI","2010-08-28"
"TSPostgreSQL","RPostgreSQL","2010-08-28"
"TSSQLite","methods","2010-08-28"
"TSSQLite","DBI","2010-08-28"
"TSSQLite","TSdbi (>= 2010.5-1)","2010-08-28"
"TSSQLite","RSQLite","2010-08-28"
"unmarked","graphics","2010-08-28"
"unmarked","stats","2010-08-28"
"unmarked","utils","2010-08-28"
"urca","nlme","2010-08-28"
"urca","graphics","2010-08-28"
"urca","stats","2010-08-28"
"vcd","stats","2010-08-28"
"vcd","utils","2010-08-28"
"vcd","MASS","2010-08-28"
"vcd","grDevices","2010-08-28"
"VhayuR","utils","2010-08-28"
"VhayuR","stats","2010-08-28"
"VIM","car","2010-08-28"
"VIM","colorspace","2010-08-28"
"VIM","grDevices","2010-08-28"
"VIM","robustbase","2010-08-28"
"VIM","stats","2010-08-28"
"VIM","tcltk","2010-08-28"
"VIM","sp","2010-08-28"
"VIM","utils","2010-08-28"
"VIM","vcd","2010-08-28"
"WMCapacity","RGtk2","2010-08-28"
"WMCapacity","grDevices","2010-08-28"
"wordnet","rJava (>= 0.6-3)","2010-08-28"
"xlsx","xlsxjars","2010-08-28"
"xlsxjars","rJava","2010-08-28"
"zoo","stats","2010-08-28"
"zoo","utils","2010-08-28"
"zoo","graphics","2010-08-28"
"zoo","grDevices","2010-08-28"
"zoo","lattice (>= 0.18-1)","2010-08-28"
