"Package","Date"
"R","2010-08-28"
"base","2010-08-28"
"abind","2010-08-28"
"AcceptanceSampling","2010-08-28"
"ACCLMA","2010-08-28"
"accuracy","2010-08-28"
"acepack","2010-08-28"
"aCGH.Spline","2010-08-28"
"actuar","2010-08-28"
"ada","2010-08-28"
"adabag","2010-08-28"
"ADaCGH","2010-08-28"
"AdaptFit","2010-08-28"
"adaptTest","2010-08-28"
"ade4","2010-08-28"
"ade4TkGUI","2010-08-28"
"adegenet","2010-08-28"
"adehabitat","2010-08-28"
"adephylo","2010-08-28"
"ADGofTest","2010-08-28"
"adimpro","2010-08-28"
"adk","2010-08-28"
"adlift","2010-08-28"
"AdMit","2010-08-28"
"ads","2010-08-28"
"AER","2010-08-28"
"afc","2010-08-28"
"agilp","2010-08-28"
"agricolae","2010-08-28"
"AGSDest","2010-08-28"
"AICcmodavg","2010-08-28"
"AIGIS","2010-08-28"
"AIM","2010-08-28"
"akima","2010-08-28"
"alabama","2010-08-28"
"AlgDesign","2010-08-28"
"allan","2010-08-28"
"allelic","2010-08-28"
"alphahull","2010-08-28"
"alr3","2010-08-28"
"ALS","2010-08-28"
"amap","2010-08-28"
"amba","2010-08-28"
"amei","2010-08-28"
"Amelia","2010-08-28"
"amer","2010-08-28"
"AMORE","2010-08-28"
"anacor","2010-08-28"
"analogue","2010-08-28"
"AnalyzeFMRI","2010-08-28"
"anapuce","2010-08-28"
"anchors","2010-08-28"
"andrews","2010-08-28"
"anesrake","2010-08-28"
"Animal","2010-08-28"
"animation","2010-08-28"
"anm","2010-08-28"
"ant","2010-08-28"
"aod","2010-08-28"
"apcluster","2010-08-28"
"ape","2010-08-28"
"aplpack","2010-08-28"
"approximator","2010-08-28"
"apsrtable","2010-08-28"
"apTreeshape","2010-08-28"
"aqp","2010-08-28"
"AquaEnv","2010-08-28"
"archetypes","2010-08-28"
"ArDec","2010-08-28"
"ares","2010-08-28"
"argosfilter","2010-08-28"
"arm","2010-08-28"
"aroma.affymetrix","2010-08-28"
"aroma.apd","2010-08-28"
"aroma.cn","2010-08-28"
"aroma.core","2010-08-28"
"aroma.light","2010-08-28"
"arrayImpute","2010-08-28"
"arrayMissPattern","2010-08-28"
"ars","2010-08-28"
"arules","2010-08-28"
"arulesNBMiner","2010-08-28"
"arulesSequences","2010-08-28"
"asbio","2010-08-28"
"ascii","2010-08-28"
"asd","2010-08-28"
"ash","2010-08-28"
"aspace","2010-08-28"
"aspect","2010-08-28"
"assist","2010-08-28"
"aster","2010-08-28"
"asypow","2010-08-28"
"atmi","2010-08-28"
"audio","2010-08-28"
"automap","2010-08-28"
"aws","2010-08-28"
"aylmer","2010-08-28"
"B2Z","2010-08-28"
"BACCO","2010-08-28"
"backfitRichards","2010-08-28"
"backtest","2010-08-28"
"BaM","2010-08-28"
"BAMD","2010-08-28"
"BARD","2010-08-28"
"bark","2010-08-28"
"BAS","2010-08-28"
"base64","2010-08-28"
"batch","2010-08-28"
"bayesclust","2010-08-28"
"bayescount","2010-08-28"
"BayesDA","2010-08-28"
"bayesGARCH","2010-08-28"
"bayesm","2010-08-28"
"bayesmix","2010-08-28"
"BayesQTLBIC","2010-08-28"
"bayesSurv","2010-08-28"
"BayesTree","2010-08-28"
"BayesValidate","2010-08-28"
"BayesX","2010-08-28"
"BayHaz","2010-08-28"
"BAYSTAR","2010-08-28"
"BB","2010-08-28"
"bbmle","2010-08-28"
"BBMM","2010-08-28"
"BCE","2010-08-28"
"Bchron","2010-08-28"
"bclust","2010-08-28"
"bcp","2010-08-28"
"bcv","2010-08-28"
"bdoc","2010-08-28"
"bdsmatrix","2010-08-28"
"beanplot","2010-08-28"
"bear","2010-08-28"
"benchden","2010-08-28"
"benchmark","2010-08-28"
"bentcableAR","2010-08-28"
"ber","2010-08-28"
"Bergm","2010-08-28"
"bestglm","2010-08-28"
"betaper","2010-08-28"
"betareg","2010-08-28"
"bethel","2010-08-28"
"bfast","2010-08-28"
"BGSIMD","2010-08-28"
"Bhat","2010-08-28"
"BHH2","2010-08-28"
"BiasedUrn","2010-08-28"
"bibtex","2010-08-28"
"biclust","2010-08-28"
"bifactorial","2010-08-28"
"biganalytics","2010-08-28"
"biglars","2010-08-28"
"biglm","2010-08-28"
"bigmemory","2010-08-28"
"bigtabulate","2010-08-28"
"bild","2010-08-28"
"binarySimCLF","2010-08-28"
"bindata","2010-08-28"
"binGroup","2010-08-28"
"binhf","2010-08-28"
"binMto","2010-08-28"
"binom","2010-08-28"
"binomSamSize","2010-08-28"
"bio.infer","2010-08-28"
"Biodem","2010-08-28"
"BiodiversityR","2010-08-28"
"BioIDMapper","2010-08-28"
"biopara","2010-08-28"
"BioPhysConnectoR","2010-08-28"
"biOps","2010-08-28"
"biOpsGUI","2010-08-28"
"BioStatR","2010-08-28"
"bipartite","2010-08-28"
"BiplotGUI","2010-08-28"
"bise","2010-08-28"
"bisoreg","2010-08-28"
"bit","2010-08-28"
"bitops","2010-08-28"
"biwt","2010-08-28"
"BLCOP","2010-08-28"
"blighty","2010-08-28"
"blockmodeling","2010-08-28"
"blockrand","2010-08-28"
"blockTools","2010-08-28"
"BLR","2010-08-28"
"BMA","2010-08-28"
"bmd","2010-08-28"
"Bmix","2010-08-28"
"BMN","2010-08-28"
"BMS","2010-08-28"
"bnlearn","2010-08-28"
"boa","2010-08-28"
"Bolstad","2010-08-28"
"Bolstad2","2010-08-28"
"boolean","2010-08-28"
"boolfun","2010-08-28"
"BoolNet","2010-08-28"
"boot","2010-08-28"
"BootPR","2010-08-28"
"bootRes","2010-08-28"
"bootruin","2010-08-28"
"bootspecdens","2010-08-28"
"bootStepAIC","2010-08-28"
"bootstrap","2010-08-28"
"Boruta","2010-08-28"
"BoSSA","2010-08-28"
"bpca","2010-08-28"
"BPHO","2010-08-28"
"bqtl","2010-08-28"
"BradleyTerry","2010-08-28"
"BradleyTerry2","2010-08-28"
"brainwaver","2010-08-28"
"brew","2010-08-28"
"brglm","2010-08-28"
"Brobdingnag","2010-08-28"
"bs","2010-08-28"
"BSagri","2010-08-28"
"BSDA","2010-08-28"
"BsMD","2010-08-28"
"bspec","2010-08-28"
"BTSPAS","2010-08-28"
"bvls","2010-08-28"
"bvpSolve","2010-08-28"
"ca","2010-08-28"
"cacher","2010-08-28"
"cacheSweave","2010-08-28"
"CADFtest","2010-08-28"
"CADStat","2010-08-28"
"caGUI","2010-08-28"
"Cairo","2010-08-28"
"cairoDevice","2010-08-28"
"CalciOMatic","2010-08-28"
"calib","2010-08-28"
"calibrate","2010-08-28"
"calibrator","2010-08-28"
"caMassClass","2010-08-28"
"candisc","2010-08-28"
"canvas","2010-08-28"
"car","2010-08-28"
"CarbonEL","2010-08-28"
"care","2010-08-28"
"caret","2010-08-28"
"caroline","2010-08-28"
"cat","2010-08-28"
"catmap","2010-08-28"
"catnet","2010-08-28"
"caTools","2010-08-28"
"catR","2010-08-28"
"catspec","2010-08-28"
"CausalGAM","2010-08-28"
"CAVIAR","2010-08-28"
"cba","2010-08-28"
"CCA","2010-08-28"
"ccems","2010-08-28"
"ccgarch","2010-08-28"
"cclust","2010-08-28"
"CCMtools","2010-08-28"
"CCP","2010-08-28"
"CDFt","2010-08-28"
"CDNmoney","2010-08-28"
"CellularAutomaton","2010-08-28"
"cellVolumeDist","2010-08-28"
"cem","2010-08-28"
"censReg","2010-08-28"
"cfa","2010-08-28"
"cggd","2010-08-28"
"cgh","2010-08-28"
"cghFLasso","2010-08-28"
"CGIwithR","2010-08-28"
"ChainLadder","2010-08-28"
"changeLOS","2010-08-28"
"charlson","2010-08-28"
"cheb","2010-08-28"
"chemCal","2010-08-28"
"chemometrics","2010-08-28"
"CHNOSZ","2010-08-28"
"choplump","2010-08-28"
"chplot","2010-08-28"
"chron","2010-08-28"
"CHsharp","2010-08-28"
"cimis","2010-08-28"
"CircNNTSR","2010-08-28"
"CircSpatial","2010-08-28"
"CircStats","2010-08-28"
"circular","2010-08-28"
"class","2010-08-28"
"classGraph","2010-08-28"
"classifly","2010-08-28"
"classInt","2010-08-28"
"clim.pact","2010-08-28"
"climatol","2010-08-28"
"clinfun","2010-08-28"
"ClinicalRobustPriors","2010-08-28"
"clinsig","2010-08-28"
"clue","2010-08-28"
"clues","2010-08-28"
"cluster","2010-08-28"
"clusterCons","2010-08-28"
"clusterfly","2010-08-28"
"clusterGeneration","2010-08-28"
"clusterRepro","2010-08-28"
"clusterSim","2010-08-28"
"clustTool","2010-08-28"
"clustvarsel","2010-08-28"
"clv","2010-08-28"
"clValid","2010-08-28"
"cmaes","2010-08-28"
"CMC","2010-08-28"
"cmm","2010-08-28"
"cmprsk","2010-08-28"
"cmprskContin","2010-08-28"
"cmrutils","2010-08-28"
"CNVassoc","2010-08-28"
"coarseDataTools","2010-08-28"
"cobs","2010-08-28"
"cobs99","2010-08-28"
"CoCo","2010-08-28"
"CoCoCg","2010-08-28"
"CoCoGraph","2010-08-28"
"cocorresp","2010-08-28"
"coda","2010-08-28"
"codep","2010-08-28"
"codetools","2010-08-28"
"coenoflex","2010-08-28"
"coin","2010-08-28"
"colbycol","2010-08-28"
"CollocInfer","2010-08-28"
"colorRamps","2010-08-28"
"colorspace","2010-08-28"
"combinat","2010-08-28"
"CombMSC","2010-08-28"
"compare","2010-08-28"
"compareGroups","2010-08-28"
"CompetingRiskFrailty","2010-08-28"
"compHclust","2010-08-28"
"compoisson","2010-08-28"
"COMPoissonReg","2010-08-28"
"compositions","2010-08-28"
"compOverlapCorr","2010-08-28"
"CompQuadForm","2010-08-28"
"CompRandFld","2010-08-28"
"compute.es","2010-08-28"
"concor","2010-08-28"
"concord","2010-08-28"
"cond","2010-08-28"
"condGEE","2010-08-28"
"conf.design","2010-08-28"
"constrainedKriging","2010-08-28"
"contfrac","2010-08-28"
"contrast","2010-08-28"
"ConvCalendar","2010-08-28"
"ConvergenceConcepts","2010-08-28"
"convexHaz","2010-08-28"
"COP","2010-08-28"
"copas","2010-08-28"
"copula","2010-08-28"
"corcounts","2010-08-28"
"CORElearn","2010-08-28"
"corpcor","2010-08-28"
"corpora","2010-08-28"
"CorrBin","2010-08-28"
"CORREP","2010-08-28"
"corrgram","2010-08-28"
"corrperm","2010-08-28"
"corrplot","2010-08-28"
"corrsieve","2010-08-28"
"countrycode","2010-08-28"
"covRobust","2010-08-28"
"CoxBoost","2010-08-28"
"coxme","2010-08-28"
"coxphf","2010-08-28"
"coxphw","2010-08-28"
"coxrobust","2010-08-28"
"COZIGAM","2010-08-28"
"CPE","2010-08-28"
"Cprob","2010-08-28"
"cramer","2010-08-28"
"crank","2010-08-28"
"crantastic","2010-08-28"
"crawl","2010-08-28"
"CreditMetrics","2010-08-28"
"crmn","2010-08-28"
"crossdes","2010-08-28"
"crosshybDetector","2010-08-28"
"csampling","2010-08-28"
"cshapes","2010-08-28"
"cslogistic","2010-08-28"
"cthresh","2010-08-28"
"CTT","2010-08-28"
"ctv","2010-08-28"
"cubature","2010-08-28"
"cudaBayesreg","2010-08-28"
"cumSeg","2010-08-28"
"curvetest","2010-08-28"
"cusp","2010-08-28"
"CvM2SL1Test","2010-08-28"
"CvM2SL2Test","2010-08-28"
"CVThresh","2010-08-28"
"cwhmisc","2010-08-28"
"cxxPack","2010-08-28"
"cyclones","2010-08-28"
"DAAG","2010-08-28"
"DAAGbio","2010-08-28"
"DAAGxtras","2010-08-28"
"dae","2010-08-28"
"dafs","2010-08-28"
"dagR","2010-08-28"
"Daim","2010-08-28"
"DAKS","2010-08-28"
"DAMisc","2010-08-28"
"data.table","2010-08-28"
"DatABEL","2010-08-28"
"dataframes2xls","2010-08-28"
"datamap","2010-08-28"
"date","2010-08-28"
"Davies","2010-08-28"
"DBI","2010-08-28"
"dblcens","2010-08-28"
"dcemri","2010-08-28"
"dcemriS4","2010-08-28"
"DCGL","2010-08-28"
"dclone","2010-08-28"
"DCluster","2010-08-28"
"ddesolve","2010-08-28"
"DDHFm","2010-08-28"
"ddst","2010-08-28"
"deal","2010-08-28"
"debug","2010-08-28"
"decon","2010-08-28"
"Deducer","2010-08-28"
"DeducerExtras","2010-08-28"
"DeducerPlugInExample","2010-08-28"
"Defaults","2010-08-28"
"degenes","2010-08-28"
"degreenet","2010-08-28"
"deldir","2010-08-28"
"delftfews","2010-08-28"
"delt","2010-08-28"
"DEMEtics","2010-08-28"
"demography","2010-08-28"
"denpro","2010-08-28"
"denstrip","2010-08-28"
"DEoptim","2010-08-28"
"Depela","2010-08-28"
"depmix","2010-08-28"
"depmixS4","2010-08-28"
"depth","2010-08-28"
"descr","2010-08-28"
"DescribeDisplay","2010-08-28"
"Design","2010-08-28"
"DesignPatterns","2010-08-28"
"desirability","2010-08-28"
"desire","2010-08-28"
"deSolve","2010-08-28"
"Devore5","2010-08-28"
"Devore6","2010-08-28"
"Devore7","2010-08-28"
"dglm","2010-08-28"
"DiagnosisMed","2010-08-28"
"diagram","2010-08-28"
"diamonds","2010-08-28"
"dice","2010-08-28"
"DiceDesign","2010-08-28"
"DiceEval","2010-08-28"
"DiceKriging","2010-08-28"
"DiceOptim","2010-08-28"
"dichromat","2010-08-28"
"dicionariosIBGE","2010-08-28"
"DierckxSpline","2010-08-28"
"diffractometry","2010-08-28"
"diffusionMap","2010-08-28"
"difR","2010-08-28"
"digeR","2010-08-28"
"digest","2010-08-28"
"digitize","2010-08-28"
"diptest","2010-08-28"
"dirmult","2010-08-28"
"diseasemapping","2010-08-28"
"dismo","2010-08-28"
"dispmod","2010-08-28"
"distory","2010-08-28"
"distr","2010-08-28"
"distrDoc","2010-08-28"
"distrEllipse","2010-08-28"
"distrEx","2010-08-28"
"distributions","2010-08-28"
"DistributionUtils","2010-08-28"
"distrMod","2010-08-28"
"distrSim","2010-08-28"
"distrTeach","2010-08-28"
"distrTEst","2010-08-28"
"divagis","2010-08-28"
"diveMove","2010-08-28"
"DiversitySampler","2010-08-28"
"dlm","2010-08-28"
"dlmap","2010-08-28"
"dlnm","2010-08-28"
"doBy","2010-08-28"
"DoE.base","2010-08-28"
"DoE.wrapper","2010-08-28"
"doMC","2010-08-28"
"doMPI","2010-08-28"
"doRedis","2010-08-28"
"DoseFinding","2010-08-28"
"DOSim","2010-08-28"
"doSNOW","2010-08-28"
"dplR","2010-08-28"
"dpmixsim","2010-08-28"
"DPpackage","2010-08-28"
"dr","2010-08-28"
"drc","2010-08-28"
"drfit","2010-08-28"
"DRI","2010-08-28"
"drm","2010-08-28"
"dse","2010-08-28"
"dse1","2010-08-28"
"dse2","2010-08-28"
"DSpat","2010-08-28"
"DTDA","2010-08-28"
"dti","2010-08-28"
"DTK","2010-08-28"
"dtt","2010-08-28"
"dtw","2010-08-28"
"dummies","2010-08-28"
"dvfBm","2010-08-28"
"dyad","2010-08-28"
"dyn","2010-08-28"
"dynamicGraph","2010-08-28"
"dynamicTreeCut","2010-08-28"
"dynamo","2010-08-28"
"dynaTree","2010-08-28"
"dynCorr","2010-08-28"
"dynGraph","2010-08-28"
"dynlm","2010-08-28"
"e1071","2010-08-28"
"earth","2010-08-28"
"eba","2010-08-28"
"EbayesThresh","2010-08-28"
"ebdbNet","2010-08-28"
"Ecdat","2010-08-28"
"ecespa","2010-08-28"
"eco","2010-08-28"
"ecodist","2010-08-28"
"ecolMod","2010-08-28"
"ecoreg","2010-08-28"
"edci","2010-08-28"
"EDR","2010-08-28"
"edrGraphicalTools","2010-08-28"
"edtdbg","2010-08-28"
"EffectiveDose","2010-08-28"
"effects","2010-08-28"
"egonet","2010-08-28"
"eha","2010-08-28"
"eigenmodel","2010-08-28"
"eiPack","2010-08-28"
"el.convex","2010-08-28"
"elasticnet","2010-08-28"
"elec","2010-08-28"
"ElectroGraph","2010-08-28"
"ElemStatLearn","2010-08-28"
"ellipse","2010-08-28"
"elliptic","2010-08-28"
"elrm","2010-08-28"
"EMC","2010-08-28"
"EMCC","2010-08-28"
"EMD","2010-08-28"
"emdbook","2010-08-28"
"EMJumpDiffusion","2010-08-28"
"emme2","2010-08-28"
"emoa","2010-08-28"
"emplik","2010-08-28"
"emplik2","2010-08-28"
"EMT","2010-08-28"
"emu","2010-08-28"
"emulator","2010-08-28"
"endogMNP","2010-08-28"
"energy","2010-08-28"
"EngrExpt","2010-08-28"
"EnQuireR","2010-08-28"
"ensembleBMA","2010-08-28"
"entropy","2010-08-28"
"envelope","2010-08-28"
"Epi","2010-08-28"
"epibasix","2010-08-28"
"epicalc","2010-08-28"
"epinet","2010-08-28"
"epiR","2010-08-28"
"epitools","2010-08-28"
"epsi","2010-08-28"
"EQL","2010-08-28"
"eqtl","2010-08-28"
"equate","2010-08-28"
"EquiNorm","2010-08-28"
"equivalence","2010-08-28"
"ergm","2010-08-28"
"eRm","2010-08-28"
"esd4all","2010-08-28"
"estout","2010-08-28"
"ETC","2010-08-28"
"etm","2010-08-28"
"EvalEst","2010-08-28"
"evaluate","2010-08-28"
"evd","2010-08-28"
"evdbayes","2010-08-28"
"eVenn","2010-08-28"
"EVER","2010-08-28"
"evir","2010-08-28"
"exact2x2","2010-08-28"
"exactci","2010-08-28"
"exactLoglinTest","2010-08-28"
"exactmaxsel","2010-08-28"
"exactRankTests","2010-08-28"
"exams","2010-08-28"
"ExPD2D","2010-08-28"
"expectreg","2010-08-28"
"experiment","2010-08-28"
"expert","2010-08-28"
"expm","2010-08-28"
"expsmooth","2010-08-28"
"extracat","2010-08-28"
"extRemes","2010-08-28"
"extremevalues","2010-08-28"
"ez","2010-08-28"
"FactoClass","2010-08-28"
"FactoMineR","2010-08-28"
"Fahrmeir","2010-08-28"
"FAiR","2010-08-28"
"fame","2010-08-28"
"FAMT","2010-08-28"
"far","2010-08-28"
"faraway","2010-08-28"
"fArma","2010-08-28"
"farmR","2010-08-28"
"fAsianOptions","2010-08-28"
"fAssets","2010-08-28"
"fast","2010-08-28"
"fastICA","2010-08-28"
"favir","2010-08-28"
"fBasics","2010-08-28"
"fbati","2010-08-28"
"FBN","2010-08-28"
"fBonds","2010-08-28"
"fCalendar","2010-08-28"
"fCertificates","2010-08-28"
"fCopulae","2010-08-28"
"FD","2010-08-28"
"fda","2010-08-28"
"fdim","2010-08-28"
"fdrtool","2010-08-28"
"fds","2010-08-28"
"fdth","2010-08-28"
"feature","2010-08-28"
"fechner","2010-08-28"
"fEcofin","2010-08-28"
"FEST","2010-08-28"
"fExoticOptions","2010-08-28"
"fExtremes","2010-08-28"
"ff","2010-08-28"
"ffmanova","2010-08-28"
"fftw","2010-08-28"
"fgac","2010-08-28"
"fGarch","2010-08-28"
"FGN","2010-08-28"
"fgui","2010-08-28"
"fields","2010-08-28"
"FieldSim","2010-08-28"
"filehash","2010-08-28"
"filehashSQLite","2010-08-28"
"fImport","2010-08-28"
"financial","2010-08-28"
"fingerprint","2010-08-28"
"FinTS","2010-08-28"
"fisheyeR","2010-08-28"
"fishmethods","2010-08-28"
"fit4NM","2010-08-28"
"FitAR","2010-08-28"
"FitARMA","2010-08-28"
"fitdistrplus","2010-08-28"
"FITSio","2010-08-28"
"FKF","2010-08-28"
"flashClust","2010-08-28"
"flexclust","2010-08-28"
"flexCrossHaz","2010-08-28"
"flexmix","2010-08-28"
"flsa","2010-08-28"
"flubase","2010-08-28"
"Flury","2010-08-28"
"fma","2010-08-28"
"FME","2010-08-28"
"fmri","2010-08-28"
"fmsb","2010-08-28"
"fMultivar","2010-08-28"
"FNN","2010-08-28"
"fNonlinear","2010-08-28"
"foba","2010-08-28"
"fOptions","2010-08-28"
"foreach","2010-08-28"
"forecast","2010-08-28"
"foreign","2010-08-28"
"forensic","2010-08-28"
"forensim","2010-08-28"
"fork","2010-08-28"
"formatR","2010-08-28"
"Formula","2010-08-28"
"formula.tools","2010-08-28"
"fortunes","2010-08-28"
"forward","2010-08-28"
"fossil","2010-08-28"
"fpc","2010-08-28"
"fpca","2010-08-28"
"fPortfolio","2010-08-28"
"fpow","2010-08-28"
"fptdApprox","2010-08-28"
"fracdiff","2010-08-28"
"FracSim","2010-08-28"
"fractal","2010-08-28"
"fractalrock","2010-08-28"
"frailtypack","2010-08-28"
"FRB","2010-08-28"
"frbf","2010-08-28"
"fRegression","2010-08-28"
"freqMAP","2010-08-28"
"FrF2","2010-08-28"
"FrF2.catlg128","2010-08-28"
"frontier","2010-08-28"
"FSelector","2010-08-28"
"fSeries","2010-08-28"
"fso","2010-08-28"
"FTICRMS","2010-08-28"
"ftnonpar","2010-08-28"
"fTrading","2010-08-28"
"fts","2010-08-28"
"ftsa","2010-08-28"
"FunCluster","2010-08-28"
"FunctSNP","2010-08-28"
"fUnitRoots","2010-08-28"
"FunNet","2010-08-28"
"futile","2010-08-28"
"futile.any","2010-08-28"
"futile.logger","2010-08-28"
"futile.matrix","2010-08-28"
"futile.options","2010-08-28"
"futile.paradigm","2010-08-28"
"fUtilities","2010-08-28"
"fuzzyFDR","2010-08-28"
"fuzzyOP","2010-08-28"
"fuzzyRankTests","2010-08-28"
"fwdmsa","2010-08-28"
"fxregime","2010-08-28"
"g.data","2010-08-28"
"G1DBN","2010-08-28"
"gafit","2010-08-28"
"gam","2010-08-28"
"gamair","2010-08-28"
"GAMBoost","2010-08-28"
"GAMens","2010-08-28"
"gamesNws","2010-08-28"
"gamlss","2010-08-28"
"gamlss.add","2010-08-28"
"gamlss.cens","2010-08-28"
"gamlss.data","2010-08-28"
"gamlss.demo","2010-08-28"
"gamlss.dist","2010-08-28"
"gamlss.mx","2010-08-28"
"gamlss.nl","2010-08-28"
"gamlss.tr","2010-08-28"
"gamlss.util","2010-08-28"
"gamm4","2010-08-28"
"gap","2010-08-28"
"gaussDiff","2010-08-28"
"gausspred","2010-08-28"
"gbev","2010-08-28"
"gbm","2010-08-28"
"gbs","2010-08-28"
"gcExplorer","2010-08-28"
"gclus","2010-08-28"
"gcmrec","2010-08-28"
"gcolor","2010-08-28"
"gdata","2010-08-28"
"GDD","2010-08-28"
"gee","2010-08-28"
"geepack","2010-08-28"
"geiger","2010-08-28"
"GenABEL","2010-08-28"
"genalg","2010-08-28"
"gene2pathway","2010-08-28"
"geneARMA","2010-08-28"
"Geneclust","2010-08-28"
"GeneCycle","2010-08-28"
"GeneF","2010-08-28"
"genefu","2010-08-28"
"Geneland","2010-08-28"
"geneListPie","2010-08-28"
"GeneNet","2010-08-28"
"GeneralizedHyperbolic","2010-08-28"
"GeneReg","2010-08-28"
"genetics","2010-08-28"
"GenKern","2010-08-28"
"genomatic","2010-08-28"
"genoPlotR","2010-08-28"
"geofd","2010-08-28"
"GEOmap","2010-08-28"
"geomapdata","2010-08-28"
"geometry","2010-08-28"
"geonames","2010-08-28"
"geophys","2010-08-28"
"geoR","2010-08-28"
"geoRglm","2010-08-28"
"geosphere","2010-08-28"
"GeoXp","2010-08-28"
"geozoo","2010-08-28"
"getopt","2010-08-28"
"GEVcdn","2010-08-28"
"GExMap","2010-08-28"
"GGally","2010-08-28"
"ggm","2010-08-28"
"GGMselect","2010-08-28"
"ggplot2","2010-08-28"
"ghyp","2010-08-28"
"gibbs.met","2010-08-28"
"GillespieSSA","2010-08-28"
"giRaph","2010-08-28"
"glasso","2010-08-28"
"gld","2010-08-28"
"GLDEX","2010-08-28"
"gllm","2010-08-28"
"glmdm","2010-08-28"
"glmmAK","2010-08-28"
"GLMMarp","2010-08-28"
"glmmBUGS","2010-08-28"
"glmmML","2010-08-28"
"glmnet","2010-08-28"
"glmpath","2010-08-28"
"glmperm","2010-08-28"
"glmulti","2010-08-28"
"glpk","2010-08-28"
"gmaps","2010-08-28"
"gmm","2010-08-28"
"gmodels","2010-08-28"
"gmp","2010-08-28"
"gmt","2010-08-28"
"gmvalid","2010-08-28"
"gnm","2010-08-28"
"gnumeric","2010-08-28"
"goalprog","2010-08-28"
"gof","2010-08-28"
"GOFSN","2010-08-28"
"gogarch","2010-08-28"
"GOSim","2010-08-28"
"GPArotation","2010-08-28"
"gpclib","2010-08-28"
"gPdtest","2010-08-28"
"gplots","2010-08-28"
"gpls","2010-08-28"
"GPseq","2010-08-28"
"gputools","2010-08-28"
"grade","2010-08-28"
"gRain","2010-08-28"
"granova","2010-08-28"
"graph","2010-08-28"
"gRapHD","2010-08-28"
"graphicsQC","2010-08-28"
"GRASS","2010-08-28"
"GrassmannOptim","2010-08-28"
"gRbase","2010-08-28"
"gRc","2010-08-28"
"gregmisc","2010-08-28"
"gridBase","2010-08-28"
"gridExtra","2010-08-28"
"GridR","2010-08-28"
"grImport","2010-08-28"
"grofit","2010-08-28"
"grouped","2010-08-28"
"GroupSeq","2010-08-28"
"grplasso","2010-08-28"
"grpreg","2010-08-28"
"GRRGI","2010-08-28"
"grt","2010-08-28"
"GSA","2010-08-28"
"gsarima","2010-08-28"
"gsc","2010-08-28"
"gsDesign","2010-08-28"
"gsl","2010-08-28"
"GSM","2010-08-28"
"gss","2010-08-28"
"gstat","2010-08-28"
"gsubfn","2010-08-28"
"gtools","2010-08-28"
"Guerry","2010-08-28"
"gumbel","2010-08-28"
"gvlma","2010-08-28"
"GWAF","2010-08-28"
"GWASExactHW","2010-08-28"
"gWidgets","2010-08-28"
"gWidgetsRGtk2","2010-08-28"
"gWidgetsrJava","2010-08-28"
"gWidgetstcltk","2010-08-28"
"gWidgetsWWW","2010-08-28"
"GWRM","2010-08-28"
"haarfisz","2010-08-28"
"hacks","2010-08-28"
"HadoopStreaming","2010-08-28"
"halp","2010-08-28"
"hapassoc","2010-08-28"
"HapEstXXR","2010-08-28"
"HAPim","2010-08-28"
"Haplin","2010-08-28"
"haplo.ccs","2010-08-28"
"haplo.stats","2010-08-28"
"HaploSim","2010-08-28"
"hapsim","2010-08-28"
"HardyWeinberg","2010-08-28"
"hash","2010-08-28"
"hbim","2010-08-28"
"hbmem","2010-08-28"
"hda","2010-08-28"
"HDclassif","2010-08-28"
"hddplot","2010-08-28"
"hdeco","2010-08-28"
"hdf5","2010-08-28"
"HDMD","2010-08-28"
"hdrcde","2010-08-28"
"heatmap.plus","2010-08-28"
"heavy","2010-08-28"
"helloJavaWorld","2010-08-28"
"heplots","2010-08-28"
"hergm","2010-08-28"
"hett","2010-08-28"
"hexbin","2010-08-28"
"hexView","2010-08-28"
"HFWutils","2010-08-28"
"hgam","2010-08-28"
"hglm","2010-08-28"
"HGLMMM","2010-08-28"
"HH","2010-08-28"
"HI","2010-08-28"
"HiddenMarkov","2010-08-28"
"hier.part","2010-08-28"
"hierfstat","2010-08-28"
"highlight","2010-08-28"
"hints","2010-08-28"
"HistData","2010-08-28"
"histogram","2010-08-28"
"hlr","2010-08-28"
"Hmisc","2010-08-28"
"HMM","2010-08-28"
"hmm.discnp","2010-08-28"
"HMR","2010-08-28"
"homals","2010-08-28"
"homtest","2010-08-28"
"hopach","2010-08-28"
"hot","2010-08-28"
"hotspots","2010-08-28"
"howmany","2010-08-28"
"HSAUR","2010-08-28"
"HSAUR2","2010-08-28"
"hsmm","2010-08-28"
"HTMLUtils","2010-08-28"
"hts","2010-08-28"
"httpRequest","2010-08-28"
"hwde","2010-08-28"
"HWEBayes","2010-08-28"
"HWEintrinsic","2010-08-28"
"hwriter","2010-08-28"
"hybridHclust","2010-08-28"
"HybridMC","2010-08-28"
"hydrogeo","2010-08-28"
"HydroMe","2010-08-28"
"hydrosanity","2010-08-28"
"HyperbolicDist","2010-08-28"
"hyperdirichlet","2010-08-28"
"hypergeo","2010-08-28"
"hyperSpec","2010-08-28"
"ibdreg","2010-08-28"
"ibr","2010-08-28"
"IBrokers","2010-08-28"
"iBUGS","2010-08-28"
"ic.infer","2010-08-28"
"ic50","2010-08-28"
"ICE","2010-08-28"
"ICEinfer","2010-08-28"
"Icens","2010-08-28"
"iCluster","2010-08-28"
"icomp","2010-08-28"
"ICS","2010-08-28"
"ICSNP","2010-08-28"
"identity","2010-08-28"
"IDPmisc","2010-08-28"
"IFP","2010-08-28"
"ifs","2010-08-28"
"ifultools","2010-08-28"
"iGenomicViewer","2010-08-28"
"igraph","2010-08-28"
"igraphtosonia","2010-08-28"
"iid.test","2010-08-28"
"Imap","2010-08-28"
"imprProbEst","2010-08-28"
"impute","2010-08-28"
"imputeMDR","2010-08-28"
"ineq","2010-08-28"
"influence.ME","2010-08-28"
"infotheo","2010-08-28"
"IniStatR","2010-08-28"
"inline","2010-08-28"
"inlinedocs","2010-08-28"
"intamap","2010-08-28"
"intamapInteractive","2010-08-28"
"intcox","2010-08-28"
"integrativeME","2010-08-28"
"integrOmics","2010-08-28"
"interactivity","2010-08-28"
"interval","2010-08-28"
"intervals","2010-08-28"
"introgress","2010-08-28"
"iplots","2010-08-28"
"ipred","2010-08-28"
"IPSUR","2010-08-28"
"ipw","2010-08-28"
"IQCC","2010-08-28"
"irr","2010-08-28"
"irtoys","2010-08-28"
"irtProb","2010-08-28"
"ISA","2010-08-28"
"isa2","2010-08-28"
"isdals","2010-08-28"
"ismev","2010-08-28"
"Iso","2010-08-28"
"ISOcodes","2010-08-28"
"IsoGene","2010-08-28"
"isopam","2010-08-28"
"isotone","2010-08-28"
"isva","2010-08-28"
"ISwR","2010-08-28"
"iterators","2010-08-28"
"itertools","2010-08-28"
"its","2010-08-28"
"ivivc","2010-08-28"
"JADE","2010-08-28"
"JavaGD","2010-08-28"
"JGR","2010-08-28"
"jit","2010-08-28"
"JJcorr","2010-08-28"
"JM","2010-08-28"
"jointDiag","2010-08-28"
"JointModeling","2010-08-28"
"JOP","2010-08-28"
"JudgeIt","2010-08-28"
"kappalab","2010-08-28"
"Kendall","2010-08-28"
"kerfdr","2010-08-28"
"kernelPop","2010-08-28"
"kernlab","2010-08-28"
"KernSmooth","2010-08-28"
"KFAS","2010-08-28"
"kin.cohort","2010-08-28"
"kinfit","2010-08-28"
"kinship","2010-08-28"
"kknn","2010-08-28"
"klaR","2010-08-28"
"klin","2010-08-28"
"km.ci","2010-08-28"
"kmi","2010-08-28"
"kml","2010-08-28"
"kml3d","2010-08-28"
"KMsurv","2010-08-28"
"knncat","2010-08-28"
"knnflex","2010-08-28"
"knorm","2010-08-28"
"kohonen","2010-08-28"
"ks","2010-08-28"
"kst","2010-08-28"
"kza","2010-08-28"
"kzft","2010-08-28"
"kzs","2010-08-28"
"labdsv","2010-08-28"
"labeltodendro","2010-08-28"
"labstatR","2010-08-28"
"laeken","2010-08-28"
"lago","2010-08-28"
"LambertW","2010-08-28"
"lancet.iraqmortality","2010-08-28"
"languageR","2010-08-28"
"lars","2010-08-28"
"laser","2010-08-28"
"lasso2","2010-08-28"
"latdiag","2010-08-28"
"latentnet","2010-08-28"
"lattice","2010-08-28"
"latticedl","2010-08-28"
"latticeExtra","2010-08-28"
"latticist","2010-08-28"
"lavaan","2010-08-28"
"lawstat","2010-08-28"
"lazy","2010-08-28"
"lcd","2010-08-28"
"lcda","2010-08-28"
"lcmm","2010-08-28"
"lda","2010-08-28"
"lda.cv","2010-08-28"
"ldbounds","2010-08-28"
"ldDesign","2010-08-28"
"LDdiag","2010-08-28"
"LDheatmap","2010-08-28"
"LDtests","2010-08-28"
"leaps","2010-08-28"
"LearnBayes","2010-08-28"
"LearnEDA","2010-08-28"
"leiv","2010-08-28"
"lemma","2010-08-28"
"lga","2010-08-28"
"lgtdl","2010-08-28"
"lhs","2010-08-28"
"LiblineaR","2010-08-28"
"LIM","2010-08-28"
"limitplot","2010-08-28"
"limSolve","2010-08-28"
"linprog","2010-08-28"
"list","2010-08-28"
"LIStest","2010-08-28"
"ljr","2010-08-28"
"LLAhclust","2010-08-28"
"LLdecomp","2010-08-28"
"lme4","2010-08-28"
"lmec","2010-08-28"
"lmeSplines","2010-08-28"
"LMGene","2010-08-28"
"lmm","2010-08-28"
"lmodel2","2010-08-28"
"lmom","2010-08-28"
"lmomco","2010-08-28"
"Lmoments","2010-08-28"
"lmomRFA","2010-08-28"
"lmPerm","2010-08-28"
"lmtest","2010-08-28"
"localdepth","2010-08-28"
"locfit","2010-08-28"
"locpol","2010-08-28"
"lodplot","2010-08-28"
"log10","2010-08-28"
"LogConcDEAD","2010-08-28"
"logcondens","2010-08-28"
"logging","2010-08-28"
"LogicForest","2010-08-28"
"LogicReg","2010-08-28"
"logistf","2010-08-28"
"LogitNet","2010-08-28"
"loglognorm","2010-08-28"
"logregperm","2010-08-28"
"logspline","2010-08-28"
"lokern","2010-08-28"
"longitudinal","2010-08-28"
"longitudinalData","2010-08-28"
"longmemo","2010-08-28"
"longRPart","2010-08-28"
"LoopAnalyst","2010-08-28"
"lordif","2010-08-28"
"lossDev","2010-08-28"
"LowRankQP","2010-08-28"
"lpc","2010-08-28"
"lpridge","2010-08-28"
"lpSolve","2010-08-28"
"lpSolveAPI","2010-08-28"
"lqa","2010-08-28"
"LS2W","2010-08-28"
"lsa","2010-08-28"
"lspls","2010-08-28"
"lss","2010-08-28"
"ltm","2010-08-28"
"ltsa","2010-08-28"
"lubridate","2010-08-28"
"luca","2010-08-28"
"maanova","2010-08-28"
"MAc","2010-08-28"
"MAclinical","2010-08-28"
"MAd","2010-08-28"
"MADAM","2010-08-28"
"magic","2010-08-28"
"magma","2010-08-28"
"magnets","2010-08-28"
"MAMA","2010-08-28"
"MAMSE","2010-08-28"
"mapdata","2010-08-28"
"mapLD","2010-08-28"
"mapproj","2010-08-28"
"mapReduce","2010-08-28"
"maps","2010-08-28"
"maptools","2010-08-28"
"maptree","2010-08-28"
"mAr","2010-08-28"
"mar1s","2010-08-28"
"marelac","2010-08-28"
"marelacTeaching","2010-08-28"
"marg","2010-08-28"
"marginalmodelplots","2010-08-28"
"marginTree","2010-08-28"
"MarkedPointProcess","2010-08-28"
"MARSS","2010-08-28"
"MASS","2010-08-28"
"MasterBayes","2010-08-28"
"Matching","2010-08-28"
"MatchIt","2010-08-28"
"mathgraph","2010-08-28"
"maticce","2010-08-28"
"matlab","2010-08-28"
"Matrix","2010-08-28"
"matrixcalc","2010-08-28"
"MatrixModels","2010-08-28"
"matrixStats","2010-08-28"
"MaXact","2010-08-28"
"maxLik","2010-08-28"
"maxstat","2010-08-28"
"MBA","2010-08-28"
"MBESS","2010-08-28"
"mblm","2010-08-28"
"mbmdr","2010-08-28"
"mboost","2010-08-28"
"mc2d","2010-08-28"
"MCAPS","2010-08-28"
"mcclust","2010-08-28"
"MCE","2010-08-28"
"mcgibbsit","2010-08-28"
"MChtest","2010-08-28"
"mclogit","2010-08-28"
"mclust","2010-08-28"
"mcmc","2010-08-28"
"MCMCglmm","2010-08-28"
"MCMChybridGP","2010-08-28"
"MCMCpack","2010-08-28"
"mcmcplots","2010-08-28"
"mco","2010-08-28"
"Mcomp","2010-08-28"
"MCPAN","2010-08-28"
"MCPMod","2010-08-28"
"mcsm","2010-08-28"
"mda","2010-08-28"
"meboot","2010-08-28"
"mecdf","2010-08-28"
"medAdherence","2010-08-28"
"mediation","2010-08-28"
"mefa","2010-08-28"
"meifly","2010-08-28"
"memisc","2010-08-28"
"MEMSS","2010-08-28"
"merror","2010-08-28"
"meta","2010-08-28"
"MetabolAnalyze","2010-08-28"
"Metabonomic","2010-08-28"
"metacor","2010-08-28"
"metafor","2010-08-28"
"metaMA","2010-08-28"
"MFDA","2010-08-28"
"MFDF","2010-08-28"
"mFilter","2010-08-28"
"mfp","2010-08-28"
"mgcv","2010-08-28"
"mhsmm","2010-08-28"
"mhurdle","2010-08-28"
"mi","2010-08-28"
"mice","2010-08-28"
"micEcon","2010-08-28"
"micEconAids","2010-08-28"
"micEconCES","2010-08-28"
"micEconSNQP","2010-08-28"
"MIfuns","2010-08-28"
"migui","2010-08-28"
"MImix","2010-08-28"
"mimR","2010-08-28"
"minet","2010-08-28"
"miniGUI","2010-08-28"
"minpack.lm","2010-08-28"
"minqa","2010-08-28"
"minxent","2010-08-28"
"mirf","2010-08-28"
"misc3d","2010-08-28"
"MiscPsycho","2010-08-28"
"miscTools","2010-08-28"
"missMDA","2010-08-28"
"mitools","2010-08-28"
"mix","2010-08-28"
"mixAK","2010-08-28"
"mixdist","2010-08-28"
"mixer","2010-08-28"
"mixfdr","2010-08-28"
"mixlow","2010-08-28"
"mixOmics","2010-08-28"
"mixPHM","2010-08-28"
"mixRasch","2010-08-28"
"mixreg","2010-08-28"
"MixSim","2010-08-28"
"mixsmsn","2010-08-28"
"mixstock","2010-08-28"
"mixtools","2010-08-28"
"mkin","2010-08-28"
"MKLE","2010-08-28"
"MKmisc","2010-08-28"
"mlbench","2010-08-28"
"MLCM","2010-08-28"
"MLDA","2010-08-28"
"MLDS","2010-08-28"
"MLEcens","2010-08-28"
"mlegp","2010-08-28"
"mlmmm","2010-08-28"
"mlmRev","2010-08-28"
"mlogit","2010-08-28"
"mlogitBMA","2010-08-28"
"mmap","2010-08-28"
"mmcm","2010-08-28"
"MMG","2010-08-28"
"MMIX","2010-08-28"
"MMST","2010-08-28"
"MNM","2010-08-28"
"mnormt","2010-08-28"
"MNP","2010-08-28"
"moc","2010-08-28"
"MOCCA","2010-08-28"
"modeest","2010-08-28"
"modehunt","2010-08-28"
"ModelGood","2010-08-28"
"ModelMap","2010-08-28"
"modeltools","2010-08-28"
"modTempEff","2010-08-28"
"moduleColor","2010-08-28"
"mokken","2010-08-28"
"mombf","2010-08-28"
"moments","2010-08-28"
"mondate","2010-08-28"
"monmlp","2010-08-28"
"monomvn","2010-08-28"
"monoProc","2010-08-28"
"monreg","2010-08-28"
"moonsun","2010-08-28"
"MortalitySmooth","2010-08-28"
"MplusAutomation","2010-08-28"
"mpm","2010-08-28"
"mprobit","2010-08-28"
"mpt","2010-08-28"
"MPV","2010-08-28"
"mra","2010-08-28"
"mratios","2010-08-28"
"mrdrc","2010-08-28"
"mritc","2010-08-28"
"mrt","2010-08-28"
"msBreast","2010-08-28"
"MSBVAR","2010-08-28"
"msDilution","2010-08-28"
"mseq","2010-08-28"
"msm","2010-08-28"
"mspath","2010-08-28"
"msProcess","2010-08-28"
"msProstate","2010-08-28"
"mstate","2010-08-28"
"MSToolkit","2010-08-28"
"mtsc","2010-08-28"
"MTSKNN","2010-08-28"
"mugnet","2010-08-28"
"muhaz","2010-08-28"
"multcomp","2010-08-28"
"MultEq","2010-08-28"
"multic","2010-08-28"
"Multiclasstesting","2010-08-28"
"multicore","2010-08-28"
"multilevel","2010-08-28"
"multinomRob","2010-08-28"
"multipol","2010-08-28"
"multisensi","2010-08-28"
"multitaper","2010-08-28"
"multmod","2010-08-28"
"multtest","2010-08-28"
"MuMIn","2010-08-28"
"munfold","2010-08-28"
"munsell","2010-08-28"
"muRL","2010-08-28"
"muS2RC","2010-08-28"
"muscor","2010-08-28"
"mutatr","2010-08-28"
"mutoss","2010-08-28"
"mutossGUI","2010-08-28"
"muUtil","2010-08-28"
"mvabund","2010-08-28"
"mvbutils","2010-08-28"
"mvgraph","2010-08-28"
"mvna","2010-08-28"
"mvngGrAd","2010-08-28"
"mvnmle","2010-08-28"
"mvnormtest","2010-08-28"
"mvoutlier","2010-08-28"
"mvpart","2010-08-28"
"MVpower","2010-08-28"
"mvsf","2010-08-28"
"mvShapiroTest","2010-08-28"
"mvtBinaryEP","2010-08-28"
"mvtnorm","2010-08-28"
"mvtnormpcs","2010-08-28"
"nacopula","2010-08-28"
"NADA","2010-08-28"
"nanop","2010-08-28"
"nbpMatching","2010-08-28"
"NCBI2R","2010-08-28"
"ncdf","2010-08-28"
"ncdf4","2010-08-28"
"ncf","2010-08-28"
"ncomplete","2010-08-28"
"ncvreg","2010-08-28"
"NeatMap","2010-08-28"
"negenes","2010-08-28"
"neldermead","2010-08-28"
"NestedCohort","2010-08-28"
"NetCluster","2010-08-28"
"NetData","2010-08-28"
"NetIndices","2010-08-28"
"network","2010-08-28"
"networksis","2010-08-28"
"neuralnet","2010-08-28"
"nFactors","2010-08-28"
"nFDR","2010-08-28"
"nga","2010-08-28"
"nice","2010-08-28"
"NISTnls","2010-08-28"
"nlADG","2010-08-28"
"nleqslv","2010-08-28"
"nlme","2010-08-28"
"nlmeODE","2010-08-28"
"nlreg","2010-08-28"
"nlrwr","2010-08-28"
"nls2","2010-08-28"
"nlstools","2010-08-28"
"nlt","2010-08-28"
"nltm","2010-08-28"
"NMF","2010-08-28"
"NMFN","2010-08-28"
"NMMAPSlite","2010-08-28"
"NMRS","2010-08-28"
"nnc","2010-08-28"
"nnclust","2010-08-28"
"nnDiag","2010-08-28"
"nnet","2010-08-28"
"nnls","2010-08-28"
"nodeHarvest","2010-08-28"
"noia","2010-08-28"
"nonbinROC","2010-08-28"
"nonparaeff","2010-08-28"
"nonrandom","2010-08-28"
"nor1mix","2010-08-28"
"norm","2010-08-28"
"normalp","2010-08-28"
"NORMT3","2010-08-28"
"normwhn.test","2010-08-28"
"nortest","2010-08-28"
"noverlap","2010-08-28"
"np","2010-08-28"
"nparcomp","2010-08-28"
"nparLD","2010-08-28"
"nplplot","2010-08-28"
"npmc","2010-08-28"
"npmlreg","2010-08-28"
"nppbib","2010-08-28"
"npRmpi","2010-08-28"
"NRAIA","2010-08-28"
"nsRFA","2010-08-28"
"numDeriv","2010-08-28"
"nutshell","2010-08-28"
"nws","2010-08-28"
"OAIHarvester","2010-08-28"
"Oarray","2010-08-28"
"oblique.tree","2010-08-28"
"obsSens","2010-08-28"
"oc","2010-08-28"
"oce","2010-08-28"
"odesolve","2010-08-28"
"odfWeave","2010-08-28"
"odfWeave.survey","2010-08-28"
"ofp","2010-08-28"
"OjaNP","2010-08-28"
"OligoSpecificitySystem","2010-08-28"
"omd","2010-08-28"
"Oncotree","2010-08-28"
"onemap","2010-08-28"
"onion","2010-08-28"
"OPE","2010-08-28"
"openintro","2010-08-28"
"openNLP","2010-08-28"
"openNLPmodels.en","2010-08-28"
"openNLPmodels.es","2010-08-28"
"operator.tools","2010-08-28"
"operators","2010-08-28"
"optBiomarker","2010-08-28"
"optimbase","2010-08-28"
"optimsimplex","2010-08-28"
"optimx","2010-08-28"
"optmatch","2010-08-28"
"optparse","2010-08-28"
"optpart","2010-08-28"
"orderbook","2010-08-28"
"OrdFacReg","2010-08-28"
"ordinal","2010-08-28"
"OrdMonReg","2010-08-28"
"ORIClust","2010-08-28"
"orientlib","2010-08-28"
"orloca","2010-08-28"
"orloca.es","2010-08-28"
"ORMDR","2010-08-28"
"oro.dicom","2010-08-28"
"oro.nifti","2010-08-28"
"orth","2010-08-28"
"orthogonalsplinebasis","2010-08-28"
"orthopolynom","2010-08-28"
"ouch","2010-08-28"
"outliers","2010-08-28"
"oz","2010-08-28"
"p3state.msm","2010-08-28"
"pack","2010-08-28"
"packClassic","2010-08-28"
"packdep","2010-08-28"
"packS4","2010-08-28"
"PairViz","2010-08-28"
"pairwiseCI","2010-08-28"
"paleoMAS","2010-08-28"
"paleoTS","2010-08-28"
"paltran","2010-08-28"
"pamctdp","2010-08-28"
"pamm","2010-08-28"
"pamr","2010-08-28"
"pan","2010-08-28"
"panel","2010-08-28"
"papply","2010-08-28"
"paran","2010-08-28"
"pARccs","2010-08-28"
"parcor","2010-08-28"
"parser","2010-08-28"
"partDSA","2010-08-28"
"partitionMetric","2010-08-28"
"partitions","2010-08-28"
"party","2010-08-28"
"parviol","2010-08-28"
"pastecs","2010-08-28"
"PASWR","2010-08-28"
"pathmox","2010-08-28"
"pbatR","2010-08-28"
"PBSadmb","2010-08-28"
"PBSddesolve","2010-08-28"
"PBSmapping","2010-08-28"
"PBSmodelling","2010-08-28"
"pcalg","2010-08-28"
"pcaPP","2010-08-28"
"PCIT","2010-08-28"
"PCS","2010-08-28"
"pcse","2010-08-28"
"pcurve","2010-08-28"
"Peaks","2010-08-28"
"pear","2010-08-28"
"PearsonDS","2010-08-28"
"PearsonICA","2010-08-28"
"pec","2010-08-28"
"pedantics","2010-08-28"
"pedigree","2010-08-28"
"pedigreemm","2010-08-28"
"pegas","2010-08-28"
"penalized","2010-08-28"
"penalizedSVM","2010-08-28"
"pendensity","2010-08-28"
"peperr","2010-08-28"
"PerformanceAnalytics","2010-08-28"
"perm","2010-08-28"
"permax","2010-08-28"
"permtest","2010-08-28"
"PermuteNGS","2010-08-28"
"perturb","2010-08-28"
"PET","2010-08-28"
"pga","2010-08-28"
"pgam","2010-08-28"
"pgfSweave","2010-08-28"
"pgirmess","2010-08-28"
"pglm","2010-08-28"
"pGLS","2010-08-28"
"pgs","2010-08-28"
"phangorn","2010-08-28"
"pheno","2010-08-28"
"phitest","2010-08-28"
"phmm","2010-08-28"
"phpSerialize","2010-08-28"
"phull","2010-08-28"
"PhViD","2010-08-28"
"phybase","2010-08-28"
"phyclust","2010-08-28"
"phylobase","2010-08-28"
"phyloclim","2010-08-28"
"PHYLOGR","2010-08-28"
"picante","2010-08-28"
"pixmap","2010-08-28"
"PK","2010-08-28"
"PKfit","2010-08-28"
"PKgraph","2010-08-28"
"PKmodelFinder","2010-08-28"
"PKtools","2010-08-28"
"plan","2010-08-28"
"playwith","2010-08-28"
"plgp","2010-08-28"
"plink","2010-08-28"
"PLIS","2010-08-28"
"plm","2010-08-28"
"plotpc","2010-08-28"
"plotrix","2010-08-28"
"plotSEMM","2010-08-28"
"plRasch","2010-08-28"
"pls","2010-08-28"
"plsdof","2010-08-28"
"plsgenomics","2010-08-28"
"plspm","2010-08-28"
"plugdensity","2010-08-28"
"plus","2010-08-28"
"plyr","2010-08-28"
"PMA","2010-08-28"
"pmg","2010-08-28"
"pmlr","2010-08-28"
"pmml","2010-08-28"
"png","2010-08-28"
"poilog","2010-08-28"
"poistweedie","2010-08-28"
"poLCA","2010-08-28"
"polspline","2010-08-28"
"polyapost","2010-08-28"
"polycor","2010-08-28"
"polydect","2010-08-28"
"polynom","2010-08-28"
"PolynomF","2010-08-28"
"polysat","2010-08-28"
"polySegratio","2010-08-28"
"polySegratioMM","2010-08-28"
"Pomic","2010-08-28"
"pomp","2010-08-28"
"pooh","2010-08-28"
"popbio","2010-08-28"
"popPK","2010-08-28"
"portfolio","2010-08-28"
"portfolioSim","2010-08-28"
"POT","2010-08-28"
"potts","2010-08-28"
"powell","2010-08-28"
"powerGWASinteraction","2010-08-28"
"powerMediation","2010-08-28"
"powerSurvEpi","2010-08-28"
"PowerTOST","2010-08-28"
"ppls","2010-08-28"
"ppMeasures","2010-08-28"
"pps","2010-08-28"
"prabclus","2010-08-28"
"predbayescor","2010-08-28"
"PredictiveRegression","2010-08-28"
"predmixcor","2010-08-28"
"prefmod","2010-08-28"
"PresenceAbsence","2010-08-28"
"prettyR","2010-08-28"
"prim","2010-08-28"
"primer","2010-08-28"
"princurve","2010-08-28"
"prob","2010-08-28"
"ProbForecastGOP","2010-08-28"
"pROC","2010-08-28"
"ProDenICA","2010-08-28"
"prodlim","2010-08-28"
"profdpm","2010-08-28"
"ProfessR","2010-08-28"
"profileModel","2010-08-28"
"profr","2010-08-28"
"proftools","2010-08-28"
"proj4","2010-08-28"
"ProjectTemplate","2010-08-28"
"PropCIs","2010-08-28"
"proptest","2010-08-28"
"proto","2010-08-28"
"proxy","2010-08-28"
"PSAgraphics","2010-08-28"
"pscl","2010-08-28"
"pseudo","2010-08-28"
"psgp","2010-08-28"
"PSM","2010-08-28"
"pspearman","2010-08-28"
"pspline","2010-08-28"
"psy","2010-08-28"
"psych","2010-08-28"
"psychometric","2010-08-28"
"psychotree","2010-08-28"
"psyphy","2010-08-28"
"PTAk","2010-08-28"
"ptinpoly","2010-08-28"
"PtProcess","2010-08-28"
"ptw","2010-08-28"
"pvclass","2010-08-28"
"pvclust","2010-08-28"
"pwr","2010-08-28"
"PwrGSD","2010-08-28"
"pwt","2010-08-28"
"pyramid","2010-08-28"
"qAnalyst","2010-08-28"
"QCA","2010-08-28"
"QCA3","2010-08-28"
"QCAGUI","2010-08-28"
"qcc","2010-08-28"
"qlspack","2010-08-28"
"qp","2010-08-28"
"qpcR","2010-08-28"
"QRMlib","2010-08-28"
"qrnn","2010-08-28"
"QT","2010-08-28"
"qtl","2010-08-28"
"qtlbim","2010-08-28"
"qtlbook","2010-08-28"
"QTLNetworkR","2010-08-28"
"QuACN","2010-08-28"
"quadprog","2010-08-28"
"qualityTools","2010-08-28"
"qualV","2010-08-28"
"quantchem","2010-08-28"
"quantmod","2010-08-28"
"QuantPsyc","2010-08-28"
"quantreg","2010-08-28"
"quantregForest","2010-08-28"
"quaternions","2010-08-28"
"qvalue","2010-08-28"
"qvcalc","2010-08-28"
"R.cache","2010-08-28"
"R.filesets","2010-08-28"
"R.huge","2010-08-28"
"R.matlab","2010-08-28"
"R.methodsS3","2010-08-28"
"R.oo","2010-08-28"
"R.rsp","2010-08-28"
"R.utils","2010-08-28"
"R2Cuba","2010-08-28"
"r2dRue","2010-08-28"
"R2HTML","2010-08-28"
"R2jags","2010-08-28"
"r2lh","2010-08-28"
"R2PPT","2010-08-28"
"R2wd","2010-08-28"
"R2WinBUGS","2010-08-28"
"R4dfp","2010-08-28"
"r4ss","2010-08-28"
"race","2010-08-28"
"rainbow","2010-08-28"
"rake","2010-08-28"
"ramps","2010-08-28"
"randaes","2010-08-28"
"RandForestGUI","2010-08-28"
"random","2010-08-28"
"random.polychor.pa","2010-08-28"
"RandomFields","2010-08-28"
"randomForest","2010-08-28"
"randomLCA","2010-08-28"
"randomSurvivalForest","2010-08-28"
"randtoolbox","2010-08-28"
"RandVar","2010-08-28"
"rangeMapper","2010-08-28"
"RankAggreg","2010-08-28"
"rankhazard","2010-08-28"
"RANN","2010-08-28"
"RArcInfo","2010-08-28"
"RaschSampler","2010-08-28"
"Rassoc","2010-08-28"
"raster","2010-08-28"
"rateratio.test","2010-08-28"
"Ratings","2010-08-28"
"rattle","2010-08-28"
"rAverage","2010-08-28"
"rbenchmark","2010-08-28"
"RBerkeley","2010-08-28"
"RBGL","2010-08-28"
"RBloomberg","2010-08-28"
"rbounds","2010-08-28"
"rbugs","2010-08-28"
"RC","2010-08-28"
"Rcapture","2010-08-28"
"rcdd","2010-08-28"
"rcdk","2010-08-28"
"rcdklibs","2010-08-28"
"Rcgmin","2010-08-28"
"Rcmdr","2010-08-28"
"RcmdrPlugin.DoE","2010-08-28"
"RcmdrPlugin.doex","2010-08-28"
"RcmdrPlugin.epack","2010-08-28"
"RcmdrPlugin.Export","2010-08-28"
"RcmdrPlugin.FactoMineR","2010-08-28"
"RcmdrPlugin.HH","2010-08-28"
"RcmdrPlugin.IPSUR","2010-08-28"
"RcmdrPlugin.MAc","2010-08-28"
"RcmdrPlugin.MAd","2010-08-28"
"RcmdrPlugin.orloca","2010-08-28"
"RcmdrPlugin.PT","2010-08-28"
"RcmdrPlugin.qcc","2010-08-28"
"RcmdrPlugin.qual","2010-08-28"
"RcmdrPlugin.SensoMineR","2010-08-28"
"RcmdrPlugin.SLC","2010-08-28"
"RcmdrPlugin.sos","2010-08-28"
"RcmdrPlugin.steepness","2010-08-28"
"RcmdrPlugin.survival","2010-08-28"
"RcmdrPlugin.SurvivalT","2010-08-28"
"RcmdrPlugin.TeachingDemos","2010-08-28"
"RcmdrPlugin.TextMining","2010-08-28"
"RColorBrewer","2010-08-28"
"rcom","2010-08-28"
"rconifers","2010-08-28"
"Rcplex","2010-08-28"
"Rcpp","2010-08-28"
"RcppArmadillo","2010-08-28"
"RcppExamples","2010-08-28"
"Rcsdp","2010-08-28"
"RCurl","2010-08-28"
"rda","2010-08-28"
"rdetools","2010-08-28"
"RDieHarder","2010-08-28"
"RDS","2010-08-28"
"Rdsm","2010-08-28"
"ReacTran","2010-08-28"
"Read.isi","2010-08-28"
"ReadImages","2010-08-28"
"realized","2010-08-28"
"recommenderlab","2010-08-28"
"RecordLinkage","2010-08-28"
"REEMtree","2010-08-28"
"ref","2010-08-28"
"refund","2010-08-28"
"registry","2010-08-28"
"regress","2010-08-28"
"regsubseq","2010-08-28"
"regtest","2010-08-28"
"rela","2010-08-28"
"relaimpo","2010-08-28"
"relations","2010-08-28"
"RelativeRisk","2010-08-28"
"relax","2010-08-28"
"relaxo","2010-08-28"
"reldist","2010-08-28"
"Reliability","2010-08-28"
"relimp","2010-08-28"
"relsurv","2010-08-28"
"remix","2010-08-28"
"rEMM","2010-08-28"
"remMap","2010-08-28"
"Renext","2010-08-28"
"repolr","2010-08-28"
"reporttools","2010-08-28"
"REQS","2010-08-28"
"ResearchMethods","2010-08-28"
"reshape","2010-08-28"
"ResistorArray","2010-08-28"
"reweight","2010-08-28"
"RExcelInstaller","2010-08-28"
"RFA","2010-08-28"
"RFinanceYJ","2010-08-28"
"RFLPtools","2010-08-28"
"RFOC","2010-08-28"
"RFreak","2010-08-28"
"rgcvpack","2010-08-28"
"rgdal","2010-08-28"
"rgenoud","2010-08-28"
"rggobi","2010-08-28"
"rgl","2010-08-28"
"Rglpk","2010-08-28"
"RgoogleMaps","2010-08-28"
"rgp","2010-08-28"
"RGraphics","2010-08-28"
"rgrs","2010-08-28"
"RGtk2","2010-08-28"
"RGtk2DfEdit","2010-08-28"
"RGtk2Extras","2010-08-28"
"RH2","2010-08-28"
"Rhh","2010-08-28"
"RHmm","2010-08-28"
"rhosp","2010-08-28"
"RHRV","2010-08-28"
"richards","2010-08-28"
"Rigroup","2010-08-28"
"rimage","2010-08-28"
"RImageJ","2010-08-28"
"rindex","2010-08-28"
"ringscale","2010-08-28"
"RInside","2010-08-28"
"rioja","2010-08-28"
"ripa","2010-08-28"
"ris","2010-08-28"
"RItools","2010-08-28"
"RJaCGH","2010-08-28"
"rjags","2010-08-28"
"rJava","2010-08-28"
"RJDBC","2010-08-28"
"rjson","2010-08-28"
"rJython","2010-08-28"
"RKEA","2010-08-28"
"Rlab","2010-08-28"
"Rlabkey","2010-08-28"
"RLadyBug","2010-08-28"
"RLastFM","2010-08-28"
"rlecuyer","2010-08-28"
"RLMM","2010-08-28"
"RLRsim","2010-08-28"
"RM2","2010-08-28"
"RMC","2010-08-28"
"rmeta","2010-08-28"
"rmetasim","2010-08-28"
"Rmpfr","2010-08-28"
"Rmpi","2010-08-28"
"rms","2010-08-28"
"RMTstat","2010-08-28"
"RMySQL","2010-08-28"
"RNCBI","2010-08-28"
"RNCBIAxis2Libs","2010-08-28"
"RNCBIEUtilsLibs","2010-08-28"
"RNetCDF","2010-08-28"
"rngWELL","2010-08-28"
"rngwell19937","2010-08-28"
"Rniftilib","2010-08-28"
"RobAStBase","2010-08-28"
"robCompositions","2010-08-28"
"robfilter","2010-08-28"
"RobLox","2010-08-28"
"RobLoxBioC","2010-08-28"
"RobRex","2010-08-28"
"robust","2010-08-28"
"robustbase","2010-08-28"
"robustX","2010-08-28"
"rocc","2010-08-28"
"ROCR","2010-08-28"
"RODBC","2010-08-28"
"RODM","2010-08-28"
"rootSolve","2010-08-28"
"ROptEst","2010-08-28"
"ROptEstOld","2010-08-28"
"ROptRegTS","2010-08-28"
"ROracle","2010-08-28"
"ROracleUI","2010-08-28"
"roxygen","2010-08-28"
"Rpad","2010-08-28"
"rpanel","2010-08-28"
"rpart","2010-08-28"
"rpartOrdinal","2010-08-28"
"RpgSQL","2010-08-28"
"RPMG","2010-08-28"
"RPMM","2010-08-28"
"rPorta","2010-08-28"
"RPostgreSQL","2010-08-28"
"RPPanalyzer","2010-08-28"
"RProtoBuf","2010-08-28"
"rpsychi","2010-08-28"
"rpubchem","2010-08-28"
"rpvm","2010-08-28"
"RPyGeo","2010-08-28"
"RQDA","2010-08-28"
"rqmcmb2","2010-08-28"
"RQuantLib","2010-08-28"
"rrcov","2010-08-28"
"rredis","2010-08-28"
"rrp","2010-08-28"
"rrules","2010-08-28"
"rrv","2010-08-28"
"Rsac","2010-08-28"
"RSAGA","2010-08-28"
"RScaLAPACK","2010-08-28"
"rscproxy","2010-08-28"
"RSearchYJ","2010-08-28"
"rseedcalc","2010-08-28"
"RSEIS","2010-08-28"
"RSeqMeth","2010-08-28"
"Rserve","2010-08-28"
"Rsge","2010-08-28"
"RSiena","2010-08-28"
"RSiteSearch","2010-08-28"
"rsm","2010-08-28"
"Rsolnp","2010-08-28"
"rsprng","2010-08-28"
"RSQLite","2010-08-28"
"RSQLite.extfuns","2010-08-28"
"rstream","2010-08-28"
"Rsundials","2010-08-28"
"RSurvey","2010-08-28"
"RSvgDevice","2010-08-28"
"RSVGTipsDevice","2010-08-28"
"Rsymphony","2010-08-28"
"rSymPy","2010-08-28"
"RthroughExcelWorkbooksInstaller","2010-08-28"
"rtiff","2010-08-28"
"RTisean","2010-08-28"
"rTOFsPRO","2010-08-28"
"RTOMO","2010-08-28"
"rtv","2010-08-28"
"RUnit","2010-08-28"
"Runiversal","2010-08-28"
"runjags","2010-08-28"
"Runuran","2010-08-28"
"Rvelslant","2010-08-28"
"rvgtest","2010-08-28"
"Rvmmin","2010-08-28"
"Rwave","2010-08-28"
"RWebMA","2010-08-28"
"RWeka","2010-08-28"
"RWinEdt","2010-08-28"
"rwm","2010-08-28"
"rWMBAT","2010-08-28"
"rworldmap","2010-08-28"
"rwt","2010-08-28"
"RxCEcolInf","2010-08-28"
"RXshrink","2010-08-28"
"Ryacas","2010-08-28"
"s20x","2010-08-28"
"sac","2010-08-28"
"SAFD","2010-08-28"
"safeBinaryRegression","2010-08-28"
"sampfling","2010-08-28"
"sampleSelection","2010-08-28"
"samplesize","2010-08-28"
"SampleSizeMeans","2010-08-28"
"SampleSizeProportions","2010-08-28"
"sampling","2010-08-28"
"samplingbook","2010-08-28"
"samr","2010-08-28"
"sandwich","2010-08-28"
"sapa","2010-08-28"
"SAPP","2010-08-28"
"SASmixed","2010-08-28"
"SASPECT","2010-08-28"
"SASxport","2010-08-28"
"saws","2010-08-28"
"sBF","2010-08-28"
"sbgcop","2010-08-28"
"sca","2010-08-28"
"scagnostics","2010-08-28"
"scaleboot","2010-08-28"
"scape","2010-08-28"
"scapeMCMC","2010-08-28"
"scaRabee","2010-08-28"
"scatterplot3d","2010-08-28"
"schoolmath","2010-08-28"
"schwartz97","2010-08-28"
"sciplot","2010-08-28"
"SciViews","2010-08-28"
"ScottKnott","2010-08-28"
"scout","2010-08-28"
"scrapeR","2010-08-28"
"scrime","2010-08-28"
"scuba","2010-08-28"
"sculpt3d","2010-08-28"
"sda","2010-08-28"
"SDaA","2010-08-28"
"sdcMicro","2010-08-28"
"sdcTable","2010-08-28"
"SDDA","2010-08-28"
"sddpack","2010-08-28"
"sde","2010-08-28"
"sdef","2010-08-28"
"SDisc","2010-08-28"
"SDMTools","2010-08-28"
"sdtalt","2010-08-28"
"sdtoolkit","2010-08-28"
"seacarb","2010-08-28"
"seas","2010-08-28"
"season","2010-08-28"
"secr","2010-08-28"
"seewave","2010-08-28"
"segclust","2010-08-28"
"segmented","2010-08-28"
"SEL","2010-08-28"
"selectiongain","2010-08-28"
"sem","2010-08-28"
"SemiPar","2010-08-28"
"SEMModComp","2010-08-28"
"semPLS","2010-08-28"
"sendmailR","2010-08-28"
"sendplot","2010-08-28"
"sensitivity","2010-08-28"
"sensitivityPStrat","2010-08-28"
"SensoMineR","2010-08-28"
"sensR","2010-08-28"
"SenSrivastava","2010-08-28"
"seqinr","2010-08-28"
"SeqKnn","2010-08-28"
"seqmon","2010-08-28"
"seqRFLP","2010-08-28"
"seriation","2010-08-28"
"session","2010-08-28"
"setRNG","2010-08-28"
"sets","2010-08-28"
"sfsmisc","2010-08-28"
"SGCS","2010-08-28"
"sgeostat","2010-08-28"
"SGP","2010-08-28"
"shape","2010-08-28"
"shapefiles","2010-08-28"
"shapes","2010-08-28"
"SHARE","2010-08-28"
"SHIP","2010-08-28"
"siar","2010-08-28"
"sifds","2010-08-28"
"sigclust","2010-08-28"
"sigma2tools","2010-08-28"
"signal","2010-08-28"
"signalextraction","2010-08-28"
"SigWinR","2010-08-28"
"SII","2010-08-28"
"simba","2010-08-28"
"simco","2010-08-28"
"SimComp","2010-08-28"
"simctest","2010-08-28"
"simecol","2010-08-28"
"simex","2010-08-28"
"simexaft","2010-08-28"
"simFrame","2010-08-28"
"similarityRichards","2010-08-28"
"simone","2010-08-28"
"simpleboot","2010-08-28"
"SimpleTable","2010-08-28"
"simPopulation","2010-08-28"
"SIN","2010-08-28"
"SIS","2010-08-28"
"sisus","2010-08-28"
"SiZer","2010-08-28"
"skellam","2010-08-28"
"SkewHyperbolic","2010-08-28"
"skewt","2010-08-28"
"skmeans","2010-08-28"
"slam","2010-08-28"
"SLC","2010-08-28"
"Sleuth2","2010-08-28"
"SlimPLS","2010-08-28"
"sm","2010-08-28"
"smacof","2010-08-28"
"smatr","2010-08-28"
"SMC","2010-08-28"
"SMCP","2010-08-28"
"smd.and.more","2010-08-28"
"SMIR","2010-08-28"
"smoothSurv","2010-08-28"
"smoothtail","2010-08-28"
"SMPracticals","2010-08-28"
"SMVar","2010-08-28"
"sn","2010-08-28"
"sna","2010-08-28"
"snow","2010-08-28"
"Snowball","2010-08-28"
"snowfall","2010-08-28"
"snowFT","2010-08-28"
"snp.plotter","2010-08-28"
"SNPassoc","2010-08-28"
"SNPMaP","2010-08-28"
"SNPMaP.cdm","2010-08-28"
"SNPmaxsel","2010-08-28"
"snpXpert","2010-08-28"
"SOAR","2010-08-28"
"SoDA","2010-08-28"
"soil.spec","2010-08-28"
"soiltexture","2010-08-28"
"solaR","2010-08-28"
"som","2010-08-28"
"someKfwer","2010-08-28"
"someMTP","2010-08-28"
"sos","2010-08-28"
"sound","2010-08-28"
"sp","2010-08-28"
"spaa","2010-08-28"
"space","2010-08-28"
"SPACECAP","2010-08-28"
"spam","2010-08-28"
"sparcl","2010-08-28"
"sparkTable","2010-08-28"
"sparr","2010-08-28"
"sparseLDA","2010-08-28"
"SparseM","2010-08-28"
"spatcounts","2010-08-28"
"spatgraphs","2010-08-28"
"spatial","2010-08-28"
"spatialCovariance","2010-08-28"
"SpatialEpi","2010-08-28"
"SpatialExtremes","2010-08-28"
"spatialkernel","2010-08-28"
"SpatialNP","2010-08-28"
"spatialsegregation","2010-08-28"
"spatstat","2010-08-28"
"spBayes","2010-08-28"
"spc","2010-08-28"
"spcosa","2010-08-28"
"spdep","2010-08-28"
"spe","2010-08-28"
"SpectralGEM","2010-08-28"
"spectralGP","2010-08-28"
"speedglm","2010-08-28"
"spef","2010-08-28"
"speff2trial","2010-08-28"
"spgrass6","2010-08-28"
"spgwr","2010-08-28"
"SpherWave","2010-08-28"
"sphet","2010-08-28"
"spikeslab","2010-08-28"
"splancs","2010-08-28"
"splinesurv","2010-08-28"
"spls","2010-08-28"
"splus2R","2010-08-28"
"SPOT","2010-08-28"
"sprint","2010-08-28"
"spssDDI","2010-08-28"
"spsurvey","2010-08-28"
"spuRs","2010-08-28"
"sqldf","2010-08-28"
"SQLiteDF","2010-08-28"
"SQLiteMap","2010-08-28"
"SQN","2010-08-28"
"SQUAREM","2010-08-28"
"SRPM","2010-08-28"
"ssanv","2010-08-28"
"ssize.fdr","2010-08-28"
"sspir","2010-08-28"
"sspline","2010-08-28"
"SSSR","2010-08-28"
"st","2010-08-28"
"stab","2010-08-28"
"stam","2010-08-28"
"STAR","2010-08-28"
"startupmsg","2010-08-28"
"stashR","2010-08-28"
"StatDA","2010-08-28"
"StatDataML","2010-08-28"
"StatFingerprints","2010-08-28"
"StatMatch","2010-08-28"
"statmod","2010-08-28"
"statnet","2010-08-28"
"steepness","2010-08-28"
"Stem","2010-08-28"
"stepPlr","2010-08-28"
"stepwise","2010-08-28"
"stinepack","2010-08-28"
"StMoSim","2010-08-28"
"stochmod","2010-08-28"
"stockPortfolio","2010-08-28"
"stoichcalc","2010-08-28"
"stratification","2010-08-28"
"stratigraph","2010-08-28"
"stream.net","2010-08-28"
"StreamMetabolism","2010-08-28"
"stringkernels","2010-08-28"
"stringr","2010-08-28"
"strucchange","2010-08-28"
"SubpathwayMiner","2010-08-28"
"subplex","2010-08-28"
"subselect","2010-08-28"
"sudoku","2010-08-28"
"sugaR","2010-08-28"
"superpc","2010-08-28"
"SuppDists","2010-08-28"
"surv2sample","2010-08-28"
"survBayes","2010-08-28"
"survcomp","2010-08-28"
"surveillance","2010-08-28"
"survey","2010-08-28"
"surveyNG","2010-08-28"
"survival","2010-08-28"
"survivalROC","2010-08-28"
"survPresmooth","2010-08-28"
"survrec","2010-08-28"
"SV","2010-08-28"
"svcm","2010-08-28"
"svcR","2010-08-28"
"svDialogs","2010-08-28"
"svGUI","2010-08-28"
"svIDE","2010-08-28"
"svMisc","2010-08-28"
"svmpath","2010-08-28"
"svSocket","2010-08-28"
"svSweave","2010-08-28"
"svTools","2010-08-28"
"svUnit","2010-08-28"
"svWidgets","2010-08-28"
"SweaveListingUtils","2010-08-28"
"SwissAir","2010-08-28"
"SWordInstaller","2010-08-28"
"symbols","2010-08-28"
"symmoments","2010-08-28"
"synchronicity","2010-08-28"
"SyNet","2010-08-28"
"Synth","2010-08-28"
"systemfit","2010-08-28"
"TANOVA","2010-08-28"
"taskPR","2010-08-28"
"tau","2010-08-28"
"tawny","2010-08-28"
"tcltk2","2010-08-28"
"tclust","2010-08-28"
"tdm","2010-08-28"
"tdthap","2010-08-28"
"TeachingDemos","2010-08-28"
"TeachingSampling","2010-08-28"
"tensor","2010-08-28"
"tensorA","2010-08-28"
"termstrc","2010-08-28"
"testthat","2010-08-28"
"textcat","2010-08-28"
"tframe","2010-08-28"
"tframePlus","2010-08-28"
"tgp","2010-08-28"
"tgram","2010-08-28"
"TGUICore","2010-08-28"
"TGUITeaching","2010-08-28"
"ThreeGroups","2010-08-28"
"tiger","2010-08-28"
"tikzDevice","2010-08-28"
"tileHMM","2010-08-28"
"time","2010-08-28"
"timeDate","2010-08-28"
"timereg","2010-08-28"
"timeSeries","2010-08-28"
"TIMP","2010-08-28"
"timsac","2010-08-28"
"TinnR","2010-08-28"
"tis","2010-08-28"
"titan","2010-08-28"
"tkrgl","2010-08-28"
"tkrplot","2010-08-28"
"tlemix","2010-08-28"
"tlnise","2010-08-28"
"tm","2010-08-28"
"tm.plugin.mail","2010-08-28"
"tmvtnorm","2010-08-28"
"tnet","2010-08-28"
"tolerance","2010-08-28"
"topicmodels","2010-08-28"
"topmodel","2010-08-28"
"tossm","2010-08-28"
"tourr","2010-08-28"
"tourrGui","2010-08-28"
"ToxLim","2010-08-28"
"tpr","2010-08-28"
"tpsDesign","2010-08-28"
"trackObjs","2010-08-28"
"tractor.base","2010-08-28"
"tradeCosts","2010-08-28"
"traitr","2010-08-28"
"TraMineR","2010-08-28"
"TRAMPR","2010-08-28"
"tree","2010-08-28"
"treelet","2010-08-28"
"TreePar","2010-08-28"
"TreeRank","2010-08-28"
"TreeSim","2010-08-28"
"treethresh","2010-08-28"
"trex","2010-08-28"
"triads","2010-08-28"
"TRIANG","2010-08-28"
"TRIANGG","2010-08-28"
"triangle","2010-08-28"
"trimcluster","2010-08-28"
"trio","2010-08-28"
"trip","2010-08-28"
"tripack","2010-08-28"
"tripEstimation","2010-08-28"
"TripleR","2010-08-28"
"truncgof","2010-08-28"
"truncnorm","2010-08-28"
"truncreg","2010-08-28"
"trust","2010-08-28"
"TSA","2010-08-28"
"TSAgg","2010-08-28"
"TSdbi","2010-08-28"
"tsDyn","2010-08-28"
"tseries","2010-08-28"
"tseriesChaos","2010-08-28"
"tsfa","2010-08-28"
"TSfame","2010-08-28"
"TShistQuote","2010-08-28"
"TSHRC","2010-08-28"
"tslars","2010-08-28"
"tsModel","2010-08-28"
"TSMySQL","2010-08-28"
"tsne","2010-08-28"
"TSodbc","2010-08-28"
"TSP","2010-08-28"
"TSpadi","2010-08-28"
"TSPostgreSQL","2010-08-28"
"TSSQLite","2010-08-28"
"ttime","2010-08-28"
"TTR","2010-08-28"
"ttrTests","2010-08-28"
"ttutils","2010-08-28"
"TunePareto","2010-08-28"
"tuneR","2010-08-28"
"twang","2010-08-28"
"tweedie","2010-08-28"
"twiddler","2010-08-28"
"twitteR","2010-08-28"
"TWIX","2010-08-28"
"twopartqtl","2010-08-28"
"TwoWaySurvival","2010-08-28"
"twslm","2010-08-28"
"ucminf","2010-08-28"
"umlr","2010-08-28"
"ump","2010-08-28"
"unbalhaar","2010-08-28"
"uncompress","2010-08-28"
"Unicode","2010-08-28"
"uniCox","2010-08-28"
"unmarked","2010-08-28"
"untb","2010-08-28"
"urca","2010-08-28"
"urn","2010-08-28"
"UScensus2000","2010-08-28"
"UScensus2000add","2010-08-28"
"UScensus2000blkgrp","2010-08-28"
"UScensus2000cdp","2010-08-28"
"UScensus2000tract","2010-08-28"
"UsingR","2010-08-28"
"USPS","2010-08-28"
"vardiag","2010-08-28"
"VarianceGamma","2010-08-28"
"vars","2010-08-28"
"varSelRF","2010-08-28"
"vbmp","2010-08-28"
"vcd","2010-08-28"
"vcdExtra","2010-08-28"
"VecStatGraphs2D","2010-08-28"
"VecStatGraphs3D","2010-08-28"
"vegan","2010-08-28"
"vegdata","2010-08-28"
"vegetarian","2010-08-28"
"venneuler","2010-08-28"
"verification","2010-08-28"
"VGAM","2010-08-28"
"VhayuR","2010-08-28"
"VHDClassification","2010-08-28"
"VIF","2010-08-28"
"VIM","2010-08-28"
"vioplot","2010-08-28"
"VizCompX","2010-08-28"
"VLMC","2010-08-28"
"vmv","2010-08-28"
"vowels","2010-08-28"
"VPdtw","2010-08-28"
"vrmlgen","2010-08-28"
"vrtest","2010-08-28"
"wasim","2010-08-28"
"waterfall","2010-08-28"
"waveband","2010-08-28"
"WaveCD","2010-08-28"
"waveclock","2010-08-28"
"waved","2010-08-28"
"wavelets","2010-08-28"
"waveslim","2010-08-28"
"wavethresh","2010-08-28"
"wccsom","2010-08-28"
"WDI","2010-08-28"
"webvis","2010-08-28"
"wgaim","2010-08-28"
"WGCNA","2010-08-28"
"WhatIf","2010-08-28"
"wikibooks","2010-08-28"
"WilcoxCV","2010-08-28"
"WINRPACK","2010-08-28"
"wle","2010-08-28"
"WMBrukerParser","2010-08-28"
"WMCapacity","2010-08-28"
"wmtsa","2010-08-28"
"wnominate","2010-08-28"
"wombsoft","2010-08-28"
"wordnet","2010-08-28"
"wq","2010-08-28"
"write.snns","2010-08-28"
"WriteXLS","2010-08-28"
"wvioplot","2010-08-28"
"WWGbook","2010-08-28"
"x12","2010-08-28"
"xgobi","2010-08-28"
"xlsReadWrite","2010-08-28"
"xlsx","2010-08-28"
"xlsxjars","2010-08-28"
"XML","2010-08-28"
"xtable","2010-08-28"
"xterm256","2010-08-28"
"xts","2010-08-28"
"yacca","2010-08-28"
"yaImpute","2010-08-28"
"YaleToolkit","2010-08-28"
"yaml","2010-08-28"
"yest","2010-08-28"
"yhat","2010-08-28"
"YieldCurve","2010-08-28"
"YourCast","2010-08-28"
"Zelig","2010-08-28"
"zic","2010-08-28"
"ZIGP","2010-08-28"
"zipfR","2010-08-28"
"zoeppritz","2010-08-28"
"zoo","2010-08-28"
"zyp","2010-08-28"
