"View","LinkedPackage","Date"
"Bayesian","AdMit","2010-08-28"
"Bayesian","BaM","2010-08-28"
"Bayesian","bark","2010-08-28"
"Bayesian","BAS","2010-08-28"
"Bayesian","bayesGARCH","2010-08-28"
"Bayesian","bayesmix","2010-08-28"
"Bayesian","BayesTree","2010-08-28"
"Bayesian","BayesValidate","2010-08-28"
"Bayesian","BayHaz","2010-08-28"
"Bayesian","BAYSTAR","2010-08-28"
"Bayesian","BCE","2010-08-28"
"Bayesian","bcp","2010-08-28"
"Bayesian","BMA","2010-08-28"
"Bayesian","Bolstad","2010-08-28"
"Bayesian","BPHO","2010-08-28"
"Bayesian","bqtl","2010-08-28"
"Bayesian","bspec","2010-08-28"
"Bayesian","cslogistic","2010-08-28"
"Bayesian","deal","2010-08-28"
"Bayesian","dlm","2010-08-28"
"Bayesian","EbayesThresh","2010-08-28"
"Bayesian","ensembleBMA","2010-08-28"
"Bayesian","evdbayes","2010-08-28"
"Bayesian","exactLoglinTest","2010-08-28"
"Bayesian","G1DBN","2010-08-28"
"Bayesian","geoR","2010-08-28"
"Bayesian","geoRglm","2010-08-28"
"Bayesian","GLMMarp","2010-08-28"
"Bayesian","glmmBUGS","2010-08-28"
"Bayesian","HI","2010-08-28"
"Bayesian","Hmisc","2010-08-28"
"Bayesian","LearnBayes","2010-08-28"
"Bayesian","lme4","2010-08-28"
"Bayesian","lmm","2010-08-28"
"Bayesian","MasterBayes","2010-08-28"
"Bayesian","MCMCglmm","2010-08-28"
"Bayesian","mgcv","2010-08-28"
"Bayesian","MNP","2010-08-28"
"Bayesian","monomvn","2010-08-28"
"Bayesian","MSBVAR","2010-08-28"
"Bayesian","pscl","2010-08-28"
"Bayesian","R2jags","2010-08-28"
"Bayesian","R2WinBUGS","2010-08-28"
"Bayesian","ramps","2010-08-28"
"Bayesian","rbugs","2010-08-28"
"Bayesian","RJaCGH","2010-08-28"
"Bayesian","rjags","2010-08-28"
"Bayesian","runjags","2010-08-28"
"Bayesian","scapeMCMC","2010-08-28"
"Bayesian","sna","2010-08-28"
"Bayesian","spBayes","2010-08-28"
"Bayesian","tgp","2010-08-28"
"Bayesian","zic","2010-08-28"
"ChemPhys","AnalyzeFMRI","2010-08-28"
"ChemPhys","AquaEnv","2010-08-28"
"ChemPhys","Bchron","2010-08-28"
"ChemPhys","bvls","2010-08-28"
"ChemPhys","caMassClass","2010-08-28"
"ChemPhys","CellularAutomaton","2010-08-28"
"ChemPhys","chemometrics","2010-08-28"
"ChemPhys","CHNOSZ","2010-08-28"
"ChemPhys","clustvarsel","2010-08-28"
"ChemPhys","ddesolve","2010-08-28"
"ChemPhys","deSolve","2010-08-28"
"ChemPhys","diffractometry","2010-08-28"
"ChemPhys","drc","2010-08-28"
"ChemPhys","drm","2010-08-28"
"ChemPhys","elasticnet","2010-08-28"
"ChemPhys","fastICA","2010-08-28"
"ChemPhys","fmri","2010-08-28"
"ChemPhys","fpca","2010-08-28"
"ChemPhys","FTICRMS","2010-08-28"
"ChemPhys","gpls","2010-08-28"
"ChemPhys","homals","2010-08-28"
"ChemPhys","leaps","2010-08-28"
"ChemPhys","lspls","2010-08-28"
"ChemPhys",minpack."lm","2010-08-28"
"ChemPhys","moonsun","2010-08-28"
"ChemPhys","msBreast","2010-08-28"
"ChemPhys","msDilution","2010-08-28"
"ChemPhys","msProcess","2010-08-28"
"ChemPhys","msProstate","2010-08-28"
"ChemPhys","nlme","2010-08-28"
"ChemPhys","nlreg","2010-08-28"
"ChemPhys","NMRS","2010-08-28"
"ChemPhys","paltran","2010-08-28"
"ChemPhys","pcaPP","2010-08-28"
"ChemPhys","Peaks","2010-08-28"
"ChemPhys","PET","2010-08-28"
"ChemPhys","pga","2010-08-28"
"ChemPhys","plspm","2010-08-28"
"ChemPhys","ppls","2010-08-28"
"ChemPhys","psy","2010-08-28"
"ChemPhys","quantchem","2010-08-28"
"ChemPhys","rcdk","2010-08-28"
"ChemPhys","rcdklibs","2010-08-28"
"ChemPhys","rpubchem","2010-08-28"
"ChemPhys","sapa","2010-08-28"
"ChemPhys","sde","2010-08-28"
"ChemPhys","simecol","2010-08-28"
"ChemPhys","som","2010-08-28"
"ChemPhys","spls","2010-08-28"
"ChemPhys","subselect","2010-08-28"
"ChemPhys","TIMP","2010-08-28"
"ChemPhys","titan","2010-08-28"
"ChemPhys","varSelRF","2010-08-28"
"ChemPhys","wccsom","2010-08-28"
"ChemPhys","WilcoxCV","2010-08-28"
"ClinicalTrials","asypow","2010-08-28"
"ClinicalTrials","binomSamSize","2010-08-28"
"ClinicalTrials","coin","2010-08-28"
"ClinicalTrials","copas","2010-08-28"
"ClinicalTrials","DoseFinding","2010-08-28"
"ClinicalTrials","epibasix","2010-08-28"
"ClinicalTrials","epicalc","2010-08-28"
"ClinicalTrials","HH","2010-08-28"
"ClinicalTrials","MCPMod","2010-08-28"
"ClinicalTrials","meta","2010-08-28"
"ClinicalTrials","metafor","2010-08-28"
"ClinicalTrials","multcomp","2010-08-28"
"ClinicalTrials","rmeta","2010-08-28"
"ClinicalTrials","ssanv","2010-08-28"
"Cluster","AdMit","2010-08-28"
"Cluster","amap","2010-08-28"
"Cluster","apcluster","2010-08-28"
"Cluster","bayesclust","2010-08-28"
"Cluster","bayesm","2010-08-28"
"Cluster","bayesmix","2010-08-28"
"Cluster","bclust","2010-08-28"
"Cluster","biclust","2010-08-28"
"Cluster","Bmix","2010-08-28"
"Cluster","cba","2010-08-28"
"Cluster","cclust","2010-08-28"
"Cluster","CHsharp","2010-08-28"
"Cluster","clue","2010-08-28"
"Cluster","clues","2010-08-28"
"Cluster","clusterfly","2010-08-28"
"Cluster","clusterGeneration","2010-08-28"
"Cluster","clusterRepro","2010-08-28"
"Cluster","clusterSim","2010-08-28"
"Cluster","clustTool","2010-08-28"
"Cluster","clustvarsel","2010-08-28"
"Cluster","clv","2010-08-28"
"Cluster","clValid","2010-08-28"
"Cluster","compHclust","2010-08-28"
"Cluster","depmix","2010-08-28"
"Cluster","depmixS4","2010-08-28"
"Cluster","dynamicTreeCut","2010-08-28"
"Cluster","e1071","2010-08-28"
"Cluster","EMCC","2010-08-28"
"Cluster","FactoClass","2010-08-28"
"Cluster","flashClust","2010-08-28"
"Cluster","fpc","2010-08-28"
"Cluster","FunCluster","2010-08-28"
"Cluster",gamlss."mx","2010-08-28"
"Cluster","gcExplorer","2010-08-28"
"Cluster","GLDEX","2010-08-28"
"Cluster","GSM","2010-08-28"
"Cluster","hopach","2010-08-28"
"Cluster","hybridHclust","2010-08-28"
"Cluster","latentnet","2010-08-28"
"Cluster","LLAhclust","2010-08-28"
"Cluster","mcclust","2010-08-28"
"Cluster","MFDA","2010-08-28"
"Cluster","mixAK","2010-08-28"
"Cluster","mixdist","2010-08-28"
"Cluster","mixer","2010-08-28"
"Cluster","mixPHM","2010-08-28"
"Cluster","mixRasch","2010-08-28"
"Cluster","mixreg","2010-08-28"
"Cluster","MixSim","2010-08-28"
"Cluster","mixtools","2010-08-28"
"Cluster","MMG","2010-08-28"
"Cluster","moc","2010-08-28"
"Cluster","nnclust","2010-08-28"
"Cluster","nor1mix","2010-08-28"
"Cluster","ORIClust","2010-08-28"
"Cluster","pendensity","2010-08-28"
"Cluster","poLCA","2010-08-28"
"Cluster","prabclus","2010-08-28"
"Cluster","pvclust","2010-08-28"
"Cluster","randomLCA","2010-08-28"
"Cluster","rjags","2010-08-28"
"Cluster","RPMM","2010-08-28"
"Cluster","segclust","2010-08-28"
"Cluster","skmeans","2010-08-28"
"Cluster","som","2010-08-28"
"Cluster","trimcluster","2010-08-28"
"Cluster","wle","2010-08-28"
"Distributions","AdMit","2010-08-28"
"Distributions","bayesm","2010-08-28"
"Distributions","benchden","2010-08-28"
"Distributions","BiasedUrn","2010-08-28"
"Distributions","BLCOP","2010-08-28"
"Distributions","bs","2010-08-28"
"Distributions","compoisson","2010-08-28"
"Distributions","Davies","2010-08-28"
"Distributions","denstrip","2010-08-28"
"Distributions","distrDoc","2010-08-28"
"Distributions","distrEx","2010-08-28"
"Distributions","distributions","2010-08-28"
"Distributions","distrMod","2010-08-28"
"Distributions","distrSim","2010-08-28"
"Distributions","distrTeach","2010-08-28"
"Distributions","distrTEst","2010-08-28"
"Distributions","evd","2010-08-28"
"Distributions","evdbayes","2010-08-28"
"Distributions","evir","2010-08-28"
"Distributions","fBasics","2010-08-28"
"Distributions","fExtremes","2010-08-28"
"Distributions","fgac","2010-08-28"
"Distributions","fitdistrplus","2010-08-28"
"Distributions",gamlss."mx","2010-08-28"
"Distributions","gbs","2010-08-28"
"Distributions","geoR","2010-08-28"
"Distributions","ghyp","2010-08-28"
"Distributions","gld","2010-08-28"
"Distributions","GLDEX","2010-08-28"
"Distributions","GSM","2010-08-28"
"Distributions","gumbel","2010-08-28"
"Distributions","HyperbolicDist","2010-08-28"
"Distributions","LearnBayes","2010-08-28"
"Distributions","lhs","2010-08-28"
"Distributions","Lmoments","2010-08-28"
"Distributions","MASS","2010-08-28"
"Distributions","mc2d","2010-08-28"
"Distributions","MCMCpack","2010-08-28"
"Distributions","mecdf","2010-08-28"
"Distributions","mixtools","2010-08-28"
"Distributions","mvtnormpcs","2010-08-28"
"Distributions","nor1mix","2010-08-28"
"Distributions","normalp","2010-08-28"
"Distributions","POT","2010-08-28"
"Distributions","prob","2010-08-28"
"Distributions","randaes","2010-08-28"
"Distributions","random","2010-08-28"
"Distributions","randtoolbox","2010-08-28"
"Distributions","RDieHarder","2010-08-28"
"Distributions","rngwell19937","2010-08-28"
"Distributions","rsprng","2010-08-28"
"Distributions","rstream","2010-08-28"
"Distributions","Runuran","2010-08-28"
"Distributions","setRNG","2010-08-28"
"Distributions","skewt","2010-08-28"
"Distributions","sn","2010-08-28"
"Distributions","tmvtnorm","2010-08-28"
"Distributions","TRIANG","2010-08-28"
"Distributions","triangle","2010-08-28"
"Distributions","truncnorm","2010-08-28"
"Distributions","tweedie","2010-08-28"
"Distributions","VarianceGamma","2010-08-28"
"Distributions","zipfR","2010-08-28"
"Econometrics","AER","2010-08-28"
"Econometrics","aod","2010-08-28"
"Econometrics","bayesm","2010-08-28"
"Econometrics","BayesPanel","2010-08-28"
"Econometrics","betareg","2010-08-28"
"Econometrics","boot","2010-08-28"
"Econometrics","bootstrap","2010-08-28"
"Econometrics","CADFtest","2010-08-28"
"Econometrics","CDNmoney","2010-08-28"
"Econometrics","Design","2010-08-28"
"Econometrics","dlm","2010-08-28"
"Econometrics","dse","2010-08-28"
"Econometrics","dyn","2010-08-28"
"Econometrics","dynlm","2010-08-28"
"Econometrics","Ecdat","2010-08-28"
"Econometrics","effects","2010-08-28"
"Econometrics","expsmooth","2010-08-28"
"Econometrics","FinTS","2010-08-28"
"Econometrics","fma","2010-08-28"
"Econometrics","forecast","2010-08-28"
"Econometrics","frontier","2010-08-28"
"Econometrics","fxregime","2010-08-28"
"Econometrics","gam","2010-08-28"
"Econometrics","gamlss","2010-08-28"
"Econometrics","gmm","2010-08-28"
"Econometrics","Hmisc","2010-08-28"
"Econometrics","ineq","2010-08-28"
"Econometrics","its","2010-08-28"
"Econometrics","lme4","2010-08-28"
"Econometrics","MASS","2010-08-28"
"Econometrics","Matrix","2010-08-28"
"Econometrics","Mcomp","2010-08-28"
"Econometrics","meboot","2010-08-28"
"Econometrics","mFilter","2010-08-28"
"Econometrics","mgcv","2010-08-28"
"Econometrics","micEcon","2010-08-28"
"Econometrics","micEconAids","2010-08-28"
"Econometrics","micEconCES","2010-08-28"
"Econometrics","micEconSNQP","2010-08-28"
"Econometrics","mlogit","2010-08-28"
"Econometrics","MNP","2010-08-28"
"Econometrics","MSBVAR","2010-08-28"
"Econometrics","nlme","2010-08-28"
"Econometrics","nnet","2010-08-28"
"Econometrics","np","2010-08-28"
"Econometrics","pscl","2010-08-28"
"Econometrics","pwt","2010-08-28"
"Econometrics","quantreg","2010-08-28"
"Econometrics","reldist","2010-08-28"
"Econometrics","sampleSelection","2010-08-28"
"Econometrics","sde","2010-08-28"
"Econometrics","segmented","2010-08-28"
"Econometrics","sem","2010-08-28"
"Econometrics","simpleboot","2010-08-28"
"Econometrics","SparseM","2010-08-28"
"Econometrics","strucchange","2010-08-28"
"Econometrics","systemfit","2010-08-28"
"Econometrics","timeSeries","2010-08-28"
"Econometrics","truncreg","2010-08-28"
"Econometrics","tsDyn","2010-08-28"
"Econometrics","tsfa","2010-08-28"
"Econometrics","vars","2010-08-28"
"Econometrics","VGAM","2010-08-28"
"Econometrics","Zelig","2010-08-28"
"Environmetrics","adehabitat","2010-08-28"
"Environmetrics","amap","2010-08-28"
"Environmetrics","analogue","2010-08-28"
"Environmetrics","aod","2010-08-28"
"Environmetrics","ape","2010-08-28"
"Environmetrics","BiodiversityR","2010-08-28"
"Environmetrics","CircStats","2010-08-28"
"Environmetrics","circular","2010-08-28"
"Environmetrics",clim."pact","2010-08-28"
"Environmetrics","cocorresp","2010-08-28"
"Environmetrics","dse","2010-08-28"
"Environmetrics","dyn","2010-08-28"
"Environmetrics","dynlm","2010-08-28"
"Environmetrics","e1071","2010-08-28"
"Environmetrics","eco","2010-08-28"
"Environmetrics","ecodist","2010-08-28"
"Environmetrics","equivalence","2010-08-28"
"Environmetrics","evd","2010-08-28"
"Environmetrics","evdbayes","2010-08-28"
"Environmetrics","evir","2010-08-28"
"Environmetrics","extRemes","2010-08-28"
"Environmetrics","FD","2010-08-28"
"Environmetrics","fso","2010-08-28"
"Environmetrics","gam","2010-08-28"
"Environmetrics","gamair","2010-08-28"
"Environmetrics","ismev","2010-08-28"
"Environmetrics","its","2010-08-28"
"Environmetrics","lme4","2010-08-28"
"Environmetrics","maptree","2010-08-28"
"Environmetrics","mclust","2010-08-28"
"Environmetrics","mefa","2010-08-28"
"Environmetrics","mra","2010-08-28"
"Environmetrics","NADA","2010-08-28"
"Environmetrics","nlme","2010-08-28"
"Environmetrics","ouch","2010-08-28"
"Environmetrics","party","2010-08-28"
"Environmetrics","pastecs","2010-08-28"
"Environmetrics","pcurve","2010-08-28"
"Environmetrics","pgirmess","2010-08-28"
"Environmetrics","popbio","2010-08-28"
"Environmetrics","POT","2010-08-28"
"Environmetrics","prabclus","2010-08-28"
"Environmetrics","primer","2010-08-28"
"Environmetrics","pscl","2010-08-28"
"Environmetrics","randomForest","2010-08-28"
"Environmetrics","Rcapture","2010-08-28"
"Environmetrics","rpart","2010-08-28"
"Environmetrics","seacarb","2010-08-28"
"Environmetrics","segmented","2010-08-28"
"Environmetrics","simecol","2010-08-28"
"Environmetrics","SpatialExtremes","2010-08-28"
"Environmetrics","StreamMetabolism","2010-08-28"
"Environmetrics","strucchange","2010-08-28"
"Environmetrics","surveillance","2010-08-28"
"Environmetrics","tseries","2010-08-28"
"Environmetrics","vegetarian","2010-08-28"
"Environmetrics","VGAM","2010-08-28"
"Environmetrics","zoo","2010-08-28"
"ExperimentalDesign","BHH2","2010-08-28"
"ExperimentalDesign","blockTools","2010-08-28"
"ExperimentalDesign","BsMD","2010-08-28"
"ExperimentalDesign",conf."design","2010-08-28"
"ExperimentalDesign","crossdes","2010-08-28"
"ExperimentalDesign","dae","2010-08-28"
"ExperimentalDesign","desirability","2010-08-28"
"ExperimentalDesign","DiceDesign","2010-08-28"
"ExperimentalDesign","DiceKriging","2010-08-28"
"ExperimentalDesign","experiment","2010-08-28"
"ExperimentalDesign",FrF2."catlg128","2010-08-28"
"ExperimentalDesign","granova","2010-08-28"
"ExperimentalDesign","ldDesign","2010-08-28"
"ExperimentalDesign","lhs","2010-08-28"
"ExperimentalDesign",RcmdrPlugin."DoE","2010-08-28"
"ExperimentalDesign","SensoMineR","2010-08-28"
"Finance","actuar","2010-08-28"
"Finance","ArDec","2010-08-28"
"Finance","atmi","2010-08-28"
"Finance","backtest","2010-08-28"
"Finance","bayesGARCH","2010-08-28"
"Finance","BLCOP","2010-08-28"
"Finance","CADFtest","2010-08-28"
"Finance","car","2010-08-28"
"Finance","ccgarch","2010-08-28"
"Finance","ChainLadder","2010-08-28"
"Finance","copula","2010-08-28"
"Finance","CreditMetrics","2010-08-28"
"Finance",data."table","2010-08-28"
"Finance","dlm","2010-08-28"
"Finance","dse","2010-08-28"
"Finance","dyn","2010-08-28"
"Finance","dynamo","2010-08-28"
"Finance","dynlm","2010-08-28"
"Finance","evd","2010-08-28"
"Finance","evdbayes","2010-08-28"
"Finance","evir","2010-08-28"
"Finance","extRemes","2010-08-28"
"Finance","fame","2010-08-28"
"Finance","fgac","2010-08-28"
"Finance","financial","2010-08-28"
"Finance","forecast","2010-08-28"
"Finance","fracdiff","2010-08-28"
"Finance","FracSim","2010-08-28"
"Finance","fractal","2010-08-28"
"Finance","ghyp","2010-08-28"
"Finance","gmm","2010-08-28"
"Finance","gogarch","2010-08-28"
"Finance","IBrokers","2010-08-28"
"Finance","ismev","2010-08-28"
"Finance","lmtest","2010-08-28"
"Finance","longmemo","2010-08-28"
"Finance","MSBVAR","2010-08-28"
"Finance","mvtnorm","2010-08-28"
"Finance","portfolio","2010-08-28"
"Finance","portfolioSim","2010-08-28"
"Finance","POT","2010-08-28"
"Finance","QRMlib","2010-08-28"
"Finance","quantmod","2010-08-28"
"Finance","RBloomberg","2010-08-28"
"Finance","Rcmdr","2010-08-28"
"Finance","RQuantLib","2010-08-28"
"Finance","rwt","2010-08-28"
"Finance","sandwich","2010-08-28"
"Finance","sde","2010-08-28"
"Finance","stockPortfolio","2010-08-28"
"Finance","strucchange","2010-08-28"
"Finance","SV","2010-08-28"
"Finance","tawny","2010-08-28"
"Finance","termstrc","2010-08-28"
"Finance","timsac","2010-08-28"
"Finance","tis","2010-08-28"
"Finance","tradeCosts","2010-08-28"
"Finance","TSdbi","2010-08-28"
"Finance","tsDyn","2010-08-28"
"Finance","tseriesChaos","2010-08-28"
"Finance","tsfa","2010-08-28"
"Finance","TTR","2010-08-28"
"Finance","ttrTests","2010-08-28"
"Finance","vars","2010-08-28"
"Finance","vrtest","2010-08-28"
"Finance","wavelets","2010-08-28"
"Finance","waveslim","2010-08-28"
"Finance","wavethresh","2010-08-28"
"Finance","xts","2010-08-28"
"Finance","YieldCurve","2010-08-28"
"Finance","Zelig","2010-08-28"
"Genetics","adegenet","2010-08-28"
"Genetics","ape","2010-08-28"
"Genetics","Biodem","2010-08-28"
"Genetics","bqtl","2010-08-28"
"Genetics","catmap","2010-08-28"
"Genetics","dlmap","2010-08-28"
"Genetics","GenABEL","2010-08-28"
"Genetics","Geneland","2010-08-28"
"Genetics","hapassoc","2010-08-28"
"Genetics",haplo."ccs","2010-08-28"
"Genetics","hapsim","2010-08-28"
"Genetics","HardyWeinberg","2010-08-28"
"Genetics","hierfstat","2010-08-28"
"Genetics","hwde","2010-08-28"
"Genetics","ibdreg","2010-08-28"
"Genetics","kinship","2010-08-28"
"Genetics","ldDesign","2010-08-28"
"Genetics","LDheatmap","2010-08-28"
"Genetics","lodplot","2010-08-28"
"Genetics","luca","2010-08-28"
"Genetics","mapLD","2010-08-28"
"Genetics","multic","2010-08-28"
"Genetics","multtest","2010-08-28"
"Genetics","ouch","2010-08-28"
"Genetics","pbatR","2010-08-28"
"Genetics","phangorn","2010-08-28"
"Genetics","qtl","2010-08-28"
"Genetics","qvalue","2010-08-28"
"Genetics","rmetasim","2010-08-28"
"Genetics","seqinr","2010-08-28"
"Genetics","SNPassoc","2010-08-28"
"Genetics","SNPmaxsel","2010-08-28"
"Genetics",snp."plotter","2010-08-28"
"Genetics","stepwise","2010-08-28"
"Genetics","tdthap","2010-08-28"
"Genetics","untb","2010-08-28"
"Genetics","wgaim","2010-08-28"
"Graphics","ade4","2010-08-28"
"Graphics","animation","2010-08-28"
"Graphics","ape","2010-08-28"
"Graphics","aplpack","2010-08-28"
"Graphics","Cairo","2010-08-28"
"Graphics","cairoDevice","2010-08-28"
"Graphics","colorspace","2010-08-28"
"Graphics","dichromat","2010-08-28"
"Graphics","gclus","2010-08-28"
"Graphics","GDD","2010-08-28"
"Graphics","gplots","2010-08-28"
"Graphics","gridBase","2010-08-28"
"Graphics","IDPmisc","2010-08-28"
"Graphics","iplots","2010-08-28"
"Graphics","JavaGD","2010-08-28"
"Graphics","klaR","2010-08-28"
"Graphics","latticeExtra","2010-08-28"
"Graphics","misc3d","2010-08-28"
"Graphics","rggobi","2010-08-28"
"Graphics","RGraphics","2010-08-28"
"Graphics","RSvgDevice","2010-08-28"
"Graphics","RSVGTipsDevice","2010-08-28"
"Graphics","scatterplot3d","2010-08-28"
"Graphics","tkrplot","2010-08-28"
"Graphics","vioplot","2010-08-28"
"Graphics","xgobi","2010-08-28"
"gR","bayesmix","2010-08-28"
"gR","bnlearn","2010-08-28"
"gR","boa","2010-08-28"
"gR","catnet","2010-08-28"
"gR","coda","2010-08-28"
"gR","deal","2010-08-28"
"gR","diagram","2010-08-28"
"gR","dynamicGraph","2010-08-28"
"gR","ergm","2010-08-28"
"gR","G1DBN","2010-08-28"
"gR","ggm","2010-08-28"
"gR","giRaph","2010-08-28"
"gR","gRain","2010-08-28"
"gR","graph","2010-08-28"
"gR","gRc","2010-08-28"
"gR","igraph","2010-08-28"
"gR","mathgraph","2010-08-28"
"gR","mimR","2010-08-28"
"gR","parcor","2010-08-28"
"gR","pcalg","2010-08-28"
"gR","qp","2010-08-28"
"gR","R2WinBUGS","2010-08-28"
"gR","RBGL","2010-08-28"
"gR","rbugs","2010-08-28"
"gR","SIN","2010-08-28"
"HighPerformanceComputing","ADaCGH","2010-08-28"
"HighPerformanceComputing","BARD","2010-08-28"
"HighPerformanceComputing","batch","2010-08-28"
"HighPerformanceComputing","bcp","2010-08-28"
"HighPerformanceComputing","biglars","2010-08-28"
"HighPerformanceComputing","biglm","2010-08-28"
"HighPerformanceComputing","bigmemory","2010-08-28"
"HighPerformanceComputing","biopara","2010-08-28"
"HighPerformanceComputing","bnlearn","2010-08-28"
"HighPerformanceComputing","caret","2010-08-28"
"HighPerformanceComputing","ccems","2010-08-28"
"HighPerformanceComputing","cudaBayesreg","2010-08-28"
"HighPerformanceComputing",data."table","2010-08-28"
"HighPerformanceComputing","doMC","2010-08-28"
"HighPerformanceComputing","doMPI","2010-08-28"
"HighPerformanceComputing","doRedis","2010-08-28"
"HighPerformanceComputing","doSNOW","2010-08-28"
"HighPerformanceComputing","ff","2010-08-28"
"HighPerformanceComputing","foreach","2010-08-28"
"HighPerformanceComputing","fork","2010-08-28"
"HighPerformanceComputing","GAMBoost","2010-08-28"
"HighPerformanceComputing","Geneland","2010-08-28"
"HighPerformanceComputing","gputools","2010-08-28"
"HighPerformanceComputing","GridR","2010-08-28"
"HighPerformanceComputing","HadoopStreaming","2010-08-28"
"HighPerformanceComputing","inline","2010-08-28"
"HighPerformanceComputing","latentnet","2010-08-28"
"HighPerformanceComputing","lga","2010-08-28"
"HighPerformanceComputing","maanova","2010-08-28"
"HighPerformanceComputing","mapReduce","2010-08-28"
"HighPerformanceComputing","Matching","2010-08-28"
"HighPerformanceComputing","multicore","2010-08-28"
"HighPerformanceComputing","multtest","2010-08-28"
"HighPerformanceComputing","nws","2010-08-28"
"HighPerformanceComputing","orloca","2010-08-28"
"HighPerformanceComputing","papply","2010-08-28"
"HighPerformanceComputing","partDSA","2010-08-28"
"HighPerformanceComputing","peperr","2010-08-28"
"HighPerformanceComputing","profr","2010-08-28"
"HighPerformanceComputing","proftools","2010-08-28"
"HighPerformanceComputing","pvclust","2010-08-28"
"HighPerformanceComputing","Rcpp","2010-08-28"
"HighPerformanceComputing","Rdsm","2010-08-28"
"HighPerformanceComputing","rgenoud","2010-08-28"
"HighPerformanceComputing","rJava","2010-08-28"
"HighPerformanceComputing","rlecuyer","2010-08-28"
"HighPerformanceComputing","rpvm","2010-08-28"
"HighPerformanceComputing","Rsge","2010-08-28"
"HighPerformanceComputing","rsprng","2010-08-28"
"HighPerformanceComputing","scaleboot","2010-08-28"
"HighPerformanceComputing","snowfall","2010-08-28"
"HighPerformanceComputing","snowFT","2010-08-28"
"HighPerformanceComputing","speedglm","2010-08-28"
"HighPerformanceComputing","sqldf","2010-08-28"
"HighPerformanceComputing","STAR","2010-08-28"
"HighPerformanceComputing","taskPR","2010-08-28"
"HighPerformanceComputing","tm","2010-08-28"
"HighPerformanceComputing","varSelRF","2010-08-28"
"MachineLearning","arules","2010-08-28"
"MachineLearning","BayesTree","2010-08-28"
"MachineLearning","BPHO","2010-08-28"
"MachineLearning","caret","2010-08-28"
"MachineLearning","CoxBoost","2010-08-28"
"MachineLearning","earth","2010-08-28"
"MachineLearning","elasticnet","2010-08-28"
"MachineLearning","ElemStatLearn","2010-08-28"
"MachineLearning","gafit","2010-08-28"
"MachineLearning","GAMBoost","2010-08-28"
"MachineLearning","glmnet","2010-08-28"
"MachineLearning","glmpath","2010-08-28"
"MachineLearning","grplasso","2010-08-28"
"MachineLearning","ipred","2010-08-28"
"MachineLearning","klaR","2010-08-28"
"MachineLearning","lars","2010-08-28"
"MachineLearning","lasso2","2010-08-28"
"MachineLearning","mvpart","2010-08-28"
"MachineLearning","pamr","2010-08-28"
"MachineLearning","party","2010-08-28"
"MachineLearning","penalized","2010-08-28"
"MachineLearning","penalizedSVM","2010-08-28"
"MachineLearning","predbayescor","2010-08-28"
"MachineLearning","randomSurvivalForest","2010-08-28"
"MachineLearning","rdetools","2010-08-28"
"MachineLearning","REEMtree","2010-08-28"
"MachineLearning","relaxo","2010-08-28"
"MachineLearning","rgenoud","2010-08-28"
"MachineLearning","ROCR","2010-08-28"
"MachineLearning","RWeka","2010-08-28"
"MachineLearning","svmpath","2010-08-28"
"MachineLearning","tgp","2010-08-28"
"MachineLearning","tree","2010-08-28"
"MachineLearning","TWIX","2010-08-28"
"MachineLearning","varSelRF","2010-08-28"
"MedicalImaging","cudaBayesreg","2010-08-28"
"MedicalImaging","PTAk","2010-08-28"
"Multivariate","abind","2010-08-28"
"Multivariate","amap","2010-08-28"
"Multivariate","aplpack","2010-08-28"
"Multivariate","ash","2010-08-28"
"Multivariate","bayesm","2010-08-28"
"Multivariate","ca","2010-08-28"
"Multivariate","calibrate","2010-08-28"
"Multivariate","car","2010-08-28"
"Multivariate","caret","2010-08-28"
"Multivariate","chplot","2010-08-28"
"Multivariate","class","2010-08-28"
"Multivariate","clue","2010-08-28"
"Multivariate","clusterGeneration","2010-08-28"
"Multivariate","clusterSim","2010-08-28"
"Multivariate","clustvarsel","2010-08-28"
"Multivariate","clv","2010-08-28"
"Multivariate","cocorresp","2010-08-28"
"Multivariate","compositions","2010-08-28"
"Multivariate","concor","2010-08-28"
"Multivariate","copula","2010-08-28"
"Multivariate","corpcor","2010-08-28"
"Multivariate","covRobust","2010-08-28"
"Multivariate","cramer","2010-08-28"
"Multivariate","cwhmisc","2010-08-28"
"Multivariate","delt","2010-08-28"
"Multivariate","denpro","2010-08-28"
"Multivariate","DescribeDisplay","2010-08-28"
"Multivariate","desirability","2010-08-28"
"Multivariate","dr","2010-08-28"
"Multivariate","e1071","2010-08-28"
"Multivariate","earth","2010-08-28"
"Multivariate","ellipse","2010-08-28"
"Multivariate","energy","2010-08-28"
"Multivariate","eRm","2010-08-28"
"Multivariate","FactoMineR","2010-08-28"
"Multivariate","FAiR","2010-08-28"
"Multivariate","fastICA","2010-08-28"
"Multivariate","feature","2010-08-28"
"Multivariate","fgac","2010-08-28"
"Multivariate","fpc","2010-08-28"
"Multivariate","fso","2010-08-28"
"Multivariate","gclus","2010-08-28"
"Multivariate","GenKern","2010-08-28"
"Multivariate","geometry","2010-08-28"
"Multivariate","geozoo","2010-08-28"
"Multivariate","gmodels","2010-08-28"
"Multivariate","GPArotation","2010-08-28"
"Multivariate","gpls","2010-08-28"
"Multivariate","hddplot","2010-08-28"
"Multivariate",hier."part","2010-08-28"
"Multivariate","Hmisc","2010-08-28"
"Multivariate","homals","2010-08-28"
"Multivariate","hopach","2010-08-28"
"Multivariate","hybridHclust","2010-08-28"
"Multivariate","ICS","2010-08-28"
"Multivariate","ICSNP","2010-08-28"
"Multivariate","iplots","2010-08-28"
"Multivariate","JADE","2010-08-28"
"Multivariate","kernlab","2010-08-28"
"Multivariate","KernSmooth","2010-08-28"
"Multivariate","kknn","2010-08-28"
"Multivariate","klaR","2010-08-28"
"Multivariate","knncat","2010-08-28"
"Multivariate","kohonen","2010-08-28"
"Multivariate","ks","2010-08-28"
"Multivariate","lattice","2010-08-28"
"Multivariate","LLAhclust","2010-08-28"
"Multivariate","ltm","2010-08-28"
"Multivariate","mAr","2010-08-28"
"Multivariate","Matrix","2010-08-28"
"Multivariate","matrixcalc","2010-08-28"
"Multivariate","mclust","2010-08-28"
"Multivariate","MCMCpack","2010-08-28"
"Multivariate","mda","2010-08-28"
"Multivariate","MFDA","2010-08-28"
"Multivariate","mice","2010-08-28"
"Multivariate","misc3d","2010-08-28"
"Multivariate","mitools","2010-08-28"
"Multivariate","mix","2010-08-28"
"Multivariate","mnormt","2010-08-28"
"Multivariate","MNP","2010-08-28"
"Multivariate","monomvn","2010-08-28"
"Multivariate","MSBVAR","2010-08-28"
"Multivariate","mvnmle","2010-08-28"
"Multivariate","mvnormtest","2010-08-28"
"Multivariate","mvoutlier","2010-08-28"
"Multivariate","mvpart","2010-08-28"
"Multivariate","mvtnorm","2010-08-28"
"Multivariate","nFactors","2010-08-28"
"Multivariate","pan","2010-08-28"
"Multivariate","panel","2010-08-28"
"Multivariate","paran","2010-08-28"
"Multivariate","party","2010-08-28"
"Multivariate","pcaPP","2010-08-28"
"Multivariate","pcurve","2010-08-28"
"Multivariate","PearsonICA","2010-08-28"
"Multivariate","pls","2010-08-28"
"Multivariate","plsgenomics","2010-08-28"
"Multivariate","poLCA","2010-08-28"
"Multivariate","polycor","2010-08-28"
"Multivariate","ppls","2010-08-28"
"Multivariate","predbayescor","2010-08-28"
"Multivariate","prim","2010-08-28"
"Multivariate","proxy","2010-08-28"
"Multivariate","psy","2010-08-28"
"Multivariate","PTAk","2010-08-28"
"Multivariate","rda","2010-08-28"
"Multivariate","relaimpo","2010-08-28"
"Multivariate","rggobi","2010-08-28"
"Multivariate","rgl","2010-08-28"
"Multivariate","robustbase","2010-08-28"
"Multivariate","ROCR","2010-08-28"
"Multivariate","rpart","2010-08-28"
"Multivariate","rrcov","2010-08-28"
"Multivariate","rrp","2010-08-28"
"Multivariate","sca","2010-08-28"
"Multivariate","scatterplot3d","2010-08-28"
"Multivariate","sem","2010-08-28"
"Multivariate","SensoMineR","2010-08-28"
"Multivariate","seriation","2010-08-28"
"Multivariate","simba","2010-08-28"
"Multivariate","smatr","2010-08-28"
"Multivariate","sn","2010-08-28"
"Multivariate","spam","2010-08-28"
"Multivariate","SparseM","2010-08-28"
"Multivariate","SpatialNP","2010-08-28"
"Multivariate","superpc","2010-08-28"
"Multivariate","trimcluster","2010-08-28"
"Multivariate","tsfa","2010-08-28"
"Multivariate","TWIX","2010-08-28"
"Multivariate","vcd","2010-08-28"
"Multivariate","VGAM","2010-08-28"
"Multivariate","VIM","2010-08-28"
"Multivariate","xgobi","2010-08-28"
"Multivariate","YaleToolkit","2010-08-28"
"NaturalLanguageProcessing","corpora","2010-08-28"
"NaturalLanguageProcessing","emu","2010-08-28"
"NaturalLanguageProcessing","gsubfn","2010-08-28"
"NaturalLanguageProcessing","kernlab","2010-08-28"
"NaturalLanguageProcessing","languageR","2010-08-28"
"NaturalLanguageProcessing","lsa","2010-08-28"
"NaturalLanguageProcessing","openNLP","2010-08-28"
"NaturalLanguageProcessing",openNLPmodels."en","2010-08-28"
"NaturalLanguageProcessing",openNLPmodels."es","2010-08-28"
"NaturalLanguageProcessing","RKEA","2010-08-28"
"NaturalLanguageProcessing","RWeka","2010-08-28"
"NaturalLanguageProcessing","Snowball","2010-08-28"
"NaturalLanguageProcessing","wordnet","2010-08-28"
"NaturalLanguageProcessing","zipfR","2010-08-28"
"OfficialStatistics","Amelia","2010-08-28"
"OfficialStatistics","cat","2010-08-28"
"OfficialStatistics","EVER","2010-08-28"
"OfficialStatistics","Hmisc","2010-08-28"
"OfficialStatistics","impute","2010-08-28"
"OfficialStatistics","ineq","2010-08-28"
"OfficialStatistics","laeken","2010-08-28"
"OfficialStatistics","lme4","2010-08-28"
"OfficialStatistics","memisc","2010-08-28"
"OfficialStatistics","mi","2010-08-28"
"OfficialStatistics","mice","2010-08-28"
"OfficialStatistics","micEcon","2010-08-28"
"OfficialStatistics","MImix","2010-08-28"
"OfficialStatistics","missMDA","2010-08-28"
"OfficialStatistics","mitools","2010-08-28"
"OfficialStatistics","mix","2010-08-28"
"OfficialStatistics","nlme","2010-08-28"
"OfficialStatistics","norm","2010-08-28"
"OfficialStatistics",odfWeave."survey","2010-08-28"
"OfficialStatistics","pan","2010-08-28"
"OfficialStatistics","pps","2010-08-28"
"OfficialStatistics","RecordLinkage","2010-08-28"
"OfficialStatistics","reweight","2010-08-28"
"OfficialStatistics","robCompositions","2010-08-28"
"OfficialStatistics","sampfling","2010-08-28"
"OfficialStatistics","sampling","2010-08-28"
"OfficialStatistics","samplingbook","2010-08-28"
"OfficialStatistics","SDaA","2010-08-28"
"OfficialStatistics","sdcMicro","2010-08-28"
"OfficialStatistics","sdcTable","2010-08-28"
"OfficialStatistics","SeqKnn","2010-08-28"
"OfficialStatistics","simFrame","2010-08-28"
"OfficialStatistics","simPopulation","2010-08-28"
"OfficialStatistics","spsurvey","2010-08-28"
"OfficialStatistics","StatMatch","2010-08-28"
"OfficialStatistics","stratification","2010-08-28"
"OfficialStatistics","surveyNG","2010-08-28"
"OfficialStatistics","TeachingSampling","2010-08-28"
"OfficialStatistics","urn","2010-08-28"
"OfficialStatistics","VIM","2010-08-28"
"OfficialStatistics","x12","2010-08-28"
"OfficialStatistics","yaImpute","2010-08-28"
"Optimization","BB","2010-08-28"
"Optimization","boot","2010-08-28"
"Optimization","clue","2010-08-28"
"Optimization","DEoptim","2010-08-28"
"Optimization","desirability","2010-08-28"
"Optimization","gafit","2010-08-28"
"Optimization","genalg","2010-08-28"
"Optimization","glpk","2010-08-28"
"Optimization","goalprog","2010-08-28"
"Optimization","gsl","2010-08-28"
"Optimization","igraph","2010-08-28"
"Optimization","kernlab","2010-08-28"
"Optimization","limSolve","2010-08-28"
"Optimization","linprog","2010-08-28"
"Optimization","LowRankQP","2010-08-28"
"Optimization","lpSolveAPI","2010-08-28"
"Optimization","maxLik","2010-08-28"
"Optimization","mco","2010-08-28"
"Optimization","nleqslv","2010-08-28"
"Optimization","optmatch","2010-08-28"
"Optimization","quantreg","2010-08-28"
"Optimization","rcdd","2010-08-28"
"Optimization","Rcplex","2010-08-28"
"Optimization","Rcsdp","2010-08-28"
"Optimization","rgenoud","2010-08-28"
"Optimization","sna","2010-08-28"
"Optimization","subplex","2010-08-28"
"Optimization","trust","2010-08-28"
"Optimization","ucminf","2010-08-28"
"Pharmacokinetics","drc","2010-08-28"
"Pharmacokinetics","MASS","2010-08-28"
"Phylogenetics","ade4","2010-08-28"
"Phylogenetics","adephylo","2010-08-28"
"Phylogenetics","apTreeshape","2010-08-28"
"Phylogenetics","geiger","2010-08-28"
"Phylogenetics","laser","2010-08-28"
"Phylogenetics","maticce","2010-08-28"
"Phylogenetics","MCMCglmm","2010-08-28"
"Phylogenetics","ouch","2010-08-28"
"Phylogenetics","paleoTS","2010-08-28"
"Phylogenetics","phangorn","2010-08-28"
"Phylogenetics","phybase","2010-08-28"
"Phylogenetics","phyclust","2010-08-28"
"Phylogenetics","phylobase","2010-08-28"
"Phylogenetics","phyloclim","2010-08-28"
"Phylogenetics","picante","2010-08-28"
"Phylogenetics","scaleboot","2010-08-28"
"Phylogenetics","TreeSim","2010-08-28"
"Phylogenetics","vegan","2010-08-28"
"Psychometrics","BiplotGUI","2010-08-28"
"Psychometrics","BradleyTerry2","2010-08-28"
"Psychometrics","caGUI","2010-08-28"
"Psychometrics","catR","2010-08-28"
"Psychometrics","cfa","2010-08-28"
"Psychometrics","CMC","2010-08-28"
"Psychometrics","cocorresp","2010-08-28"
"Psychometrics","concord","2010-08-28"
"Psychometrics","DAKS","2010-08-28"
"Psychometrics","difR","2010-08-28"
"Psychometrics","e1071","2010-08-28"
"Psychometrics","eba","2010-08-28"
"Psychometrics","ecodist","2010-08-28"
"Psychometrics","equate","2010-08-28"
"Psychometrics","FactoMineR","2010-08-28"
"Psychometrics","fechner","2010-08-28"
"Psychometrics","GPArotation","2010-08-28"
"Psychometrics","irr","2010-08-28"
"Psychometrics","irtoys","2010-08-28"
"Psychometrics","irtProb","2010-08-28"
"Psychometrics","labdsv","2010-08-28"
"Psychometrics","latdiag","2010-08-28"
"Psychometrics","lordif","2010-08-28"
"Psychometrics","MASS","2010-08-28"
"Psychometrics","MBESS","2010-08-28"
"Psychometrics","MCMCpack","2010-08-28"
"Psychometrics","MLCM","2010-08-28"
"Psychometrics","MLDS","2010-08-28"
"Psychometrics","mprobit","2010-08-28"
"Psychometrics","nFactors","2010-08-28"
"Psychometrics","pcaPP","2010-08-28"
"Psychometrics","plRasch","2010-08-28"
"Psychometrics","pls","2010-08-28"
"Psychometrics","poLCA","2010-08-28"
"Psychometrics","polycor","2010-08-28"
"Psychometrics","pscl","2010-08-28"
"Psychometrics","psychometric","2010-08-28"
"Psychometrics","psychotree","2010-08-28"
"Psychometrics","psyphy","2010-08-28"
"Psychometrics","PTAk","2010-08-28"
"Psychometrics","QuantPsyc","2010-08-28"
"Psychometrics","randomLCA","2010-08-28"
"Psychometrics","RaschSampler","2010-08-28"
"Psychometrics","SEMModComp","2010-08-28"
"Psychometrics","SensoMineR","2010-08-28"
"Psychometrics","systemfit","2010-08-28"
"Psychometrics","VGAM","2010-08-28"
"Psychometrics","xgobi","2010-08-28"
"ReproducibleResearch","animation","2010-08-28"
"ReproducibleResearch","apsrtable","2010-08-28"
"ReproducibleResearch","ascii","2010-08-28"
"ReproducibleResearch","brew","2010-08-28"
"ReproducibleResearch","cacheSweave","2010-08-28"
"ReproducibleResearch","cxxPack","2010-08-28"
"ReproducibleResearch","exams","2010-08-28"
"ReproducibleResearch","highlight","2010-08-28"
"ReproducibleResearch","memisc","2010-08-28"
"ReproducibleResearch","odfWeave","2010-08-28"
"ReproducibleResearch",odfWeave."survey","2010-08-28"
"ReproducibleResearch","pgfSweave","2010-08-28"
"ReproducibleResearch","quantreg","2010-08-28"
"ReproducibleResearch","r2lh","2010-08-28"
"ReproducibleResearch","reporttools","2010-08-28"
"ReproducibleResearch","SRPM","2010-08-28"
"ReproducibleResearch","svSweave","2010-08-28"
"ReproducibleResearch","SweaveListingUtils","2010-08-28"
"ReproducibleResearch","TeachingSampling","2010-08-28"
"ReproducibleResearch","tikzDevice","2010-08-28"
"Robust","covRobust","2010-08-28"
"Robust","distr","2010-08-28"
"Robust","mblm","2010-08-28"
"Robust","mvoutlier","2010-08-28"
"Robust","quantreg","2010-08-28"
"Robust","RandVar","2010-08-28"
"Robust","robfilter","2010-08-28"
"Robust","RobLox","2010-08-28"
"Robust","RobRex","2010-08-28"
"Robust","ROptEst","2010-08-28"
"Robust","ROptRegTS","2010-08-28"
"Robust","sandwich","2010-08-28"
"Robust","wle","2010-08-28"
"SocialSciences","aod","2010-08-28"
"SocialSciences","bootstrap","2010-08-28"
"SocialSciences","BradleyTerry","2010-08-28"
"SocialSciences","brglm","2010-08-28"
"SocialSciences","class","2010-08-28"
"SocialSciences","concord","2010-08-28"
"SocialSciences","Design","2010-08-28"
"SocialSciences","dr","2010-08-28"
"SocialSciences","dyn","2010-08-28"
"SocialSciences","dynlm","2010-08-28"
"SocialSciences","effects","2010-08-28"
"SocialSciences","eha","2010-08-28"
"SocialSciences","exactLoglinTest","2010-08-28"
"SocialSciences","forward","2010-08-28"
"SocialSciences","frailtypack","2010-08-28"
"SocialSciences","gee","2010-08-28"
"SocialSciences","geepack","2010-08-28"
"SocialSciences","gmodels","2010-08-28"
"SocialSciences","gnm","2010-08-28"
"SocialSciences","gss","2010-08-28"
"SocialSciences","Hmisc","2010-08-28"
"SocialSciences","irr","2010-08-28"
"SocialSciences","latentnet","2010-08-28"
"SocialSciences","leaps","2010-08-28"
"SocialSciences","lmeSplines","2010-08-28"
"SocialSciences","lmm","2010-08-28"
"SocialSciences","locfit","2010-08-28"
"SocialSciences","ltm","2010-08-28"
"SocialSciences","Matching","2010-08-28"
"SocialSciences","MatchIt","2010-08-28"
"SocialSciences","micEcon","2010-08-28"
"SocialSciences","MNP","2010-08-28"
"SocialSciences","multcomp","2010-08-28"
"SocialSciences","multinomRob","2010-08-28"
"SocialSciences","network","2010-08-28"
"SocialSciences","nnet","2010-08-28"
"SocialSciences","optmatch","2010-08-28"
"SocialSciences","pls","2010-08-28"
"SocialSciences","polycor","2010-08-28"
"SocialSciences","pscl","2010-08-28"
"SocialSciences","psy","2010-08-28"
"SocialSciences","qvcalc","2010-08-28"
"SocialSciences","rmeta","2010-08-28"
"SocialSciences","robust","2010-08-28"
"SocialSciences","robustbase","2010-08-28"
"SocialSciences","sampling","2010-08-28"
"SocialSciences","sm","2010-08-28"
"SocialSciences","sna","2010-08-28"
"SocialSciences","spatial","2010-08-28"
"SocialSciences","survrec","2010-08-28"
"SocialSciences","USPS","2010-08-28"
"Spatial","ade4","2010-08-28"
"Spatial","adehabitat","2010-08-28"
"Spatial","ads","2010-08-28"
"Spatial","akima","2010-08-28"
"Spatial","ash","2010-08-28"
"Spatial","aspace","2010-08-28"
"Spatial","automap","2010-08-28"
"Spatial","CircSpatial","2010-08-28"
"Spatial","clustTool","2010-08-28"
"Spatial","cshapes","2010-08-28"
"Spatial","diseasemapping","2010-08-28"
"Spatial","DSpat","2010-08-28"
"Spatial","ecespa","2010-08-28"
"Spatial","fields","2010-08-28"
"Spatial","FieldSim","2010-08-28"
"Spatial","GEOmap","2010-08-28"
"Spatial","geomapdata","2010-08-28"
"Spatial","geonames","2010-08-28"
"Spatial","geoRglm","2010-08-28"
"Spatial","GeoXp","2010-08-28"
"Spatial","glmmBUGS","2010-08-28"
"Spatial","gmaps","2010-08-28"
"Spatial","gmt","2010-08-28"
"Spatial","GRASS","2010-08-28"
"Spatial","Guerry","2010-08-28"
"Spatial","hdeco","2010-08-28"
"Spatial","intamap","2010-08-28"
"Spatial","mapdata","2010-08-28"
"Spatial","mapproj","2010-08-28"
"Spatial","maps","2010-08-28"
"Spatial","MBA","2010-08-28"
"Spatial","ModelMap","2010-08-28"
"Spatial","ncdf","2010-08-28"
"Spatial","ncf","2010-08-28"
"Spatial","nlme","2010-08-28"
"Spatial","pastecs","2010-08-28"
"Spatial","PBSmapping","2010-08-28"
"Spatial","PBSmodelling","2010-08-28"
"Spatial","psgp","2010-08-28"
"Spatial","ramps","2010-08-28"
"Spatial","RArcInfo","2010-08-28"
"Spatial","regress","2010-08-28"
"Spatial","RgoogleMaps","2010-08-28"
"Spatial","RPyGeo","2010-08-28"
"Spatial","RSAGA","2010-08-28"
"Spatial","RSurvey","2010-08-28"
"Spatial","rworldmap","2010-08-28"
"Spatial","sgeostat","2010-08-28"
"Spatial","shapefiles","2010-08-28"
"Spatial","spatcounts","2010-08-28"
"Spatial","spatgraphs","2010-08-28"
"Spatial","spatial","2010-08-28"
"Spatial","spatialCovariance","2010-08-28"
"Spatial","SpatialExtremes","2010-08-28"
"Spatial","spatialkernel","2010-08-28"
"Spatial","spatialsegregation","2010-08-28"
"Spatial","spBayes","2010-08-28"
"Spatial","spcosa","2010-08-28"
"Spatial","spgrass6","2010-08-28"
"Spatial","spgwr","2010-08-28"
"Spatial","spsurvey","2010-08-28"
"Spatial","SQLiteMap","2010-08-28"
"Spatial","Stem","2010-08-28"
"Spatial","tgp","2010-08-28"
"Spatial","tossm","2010-08-28"
"Spatial","trip","2010-08-28"
"Spatial","tripack","2010-08-28"
"Spatial","tripEstimation","2010-08-28"
"Spatial","UScensus2000","2010-08-28"
"Spatial","vardiag","2010-08-28"
"Spatial","vegan","2010-08-28"
"Survival","AER","2010-08-28"
"Survival","AIM","2010-08-28"
"Survival","bayesSurv","2010-08-28"
"Survival","BayHaz","2010-08-28"
"Survival","BMA","2010-08-28"
"Survival","boot","2010-08-28"
"Survival","changeLOS","2010-08-28"
"Survival","clinfun","2010-08-28"
"Survival","cmprskContin","2010-08-28"
"Survival","coin","2010-08-28"
"Survival","CompetingRiskFrailty","2010-08-28"
"Survival","condGEE","2010-08-28"
"Survival","CoxBoost","2010-08-28"
"Survival","coxme","2010-08-28"
"Survival","coxphf","2010-08-28"
"Survival","coxphw","2010-08-28"
"Survival","coxrobust","2010-08-28"
"Survival","CPE","2010-08-28"
"Survival","Cprob","2010-08-28"
"Survival","DAAG","2010-08-28"
"Survival","dblcens","2010-08-28"
"Survival","Design","2010-08-28"
"Survival","DPpackage","2010-08-28"
"Survival","DTDA","2010-08-28"
"Survival","emplik","2010-08-28"
"Survival","Epi","2010-08-28"
"Survival","epiR","2010-08-28"
"Survival","etm","2010-08-28"
"Survival","fitdistrplus","2010-08-28"
"Survival","flexCrossHaz","2010-08-28"
"Survival","frailtypack","2010-08-28"
"Survival",gamlss."cens","2010-08-28"
"Survival","gbm","2010-08-28"
"Survival","gcmrec","2010-08-28"
"Survival","glmpath","2010-08-28"
"Survival","gof","2010-08-28"
"Survival","gss","2010-08-28"
"Survival","ICE","2010-08-28"
"Survival","Icens","2010-08-28"
"Survival","intcox","2010-08-28"
"Survival","interval","2010-08-28"
"Survival","ipred","2010-08-28"
"Survival","ipw","2010-08-28"
"Survival","JM","2010-08-28"
"Survival","kinship","2010-08-28"
"Survival",km."ci","2010-08-28"
"Survival","kmi","2010-08-28"
"Survival","KMsurv","2010-08-28"
"Survival","LearnBayes","2010-08-28"
"Survival","lmec","2010-08-28"
"Survival","locfit","2010-08-28"
"Survival","LogicReg","2010-08-28"
"Survival","logspline","2010-08-28"
"Survival","lpc","2010-08-28"
"Survival","lss","2010-08-28"
"Survival","MAMSE","2010-08-28"
"Survival","maxstat","2010-08-28"
"Survival","mboost","2010-08-28"
"Survival","MCMCglmm","2010-08-28"
"Survival","MCMCpack","2010-08-28"
"Survival","mfp","2010-08-28"
"Survival","mixAK","2010-08-28"
"Survival","mixPHM","2010-08-28"
"Survival","MLEcens","2010-08-28"
"Survival","msm","2010-08-28"
"Survival","mspath","2010-08-28"
"Survival","mstate","2010-08-28"
"Survival","multcomp","2010-08-28"
"Survival","multtest","2010-08-28"
"Survival","mvna","2010-08-28"
"Survival","mvpart","2010-08-28"
"Survival","NADA","2010-08-28"
"Survival","NestedCohort","2010-08-28"
"Survival","nltm","2010-08-28"
"Survival","OrdFacReg","2010-08-28"
"Survival",p3state."msm","2010-08-28"
"Survival","pamr","2010-08-28"
"Survival","party","2010-08-28"
"Survival","pec","2010-08-28"
"Survival","penalized","2010-08-28"
"Survival","peperr","2010-08-28"
"Survival","phmm","2010-08-28"
"Survival","polspline","2010-08-28"
"Survival","prodlim","2010-08-28"
"Survival","proptest","2010-08-28"
"Survival","pseudo","2010-08-28"
"Survival","quantreg","2010-08-28"
"Survival","randomSurvivalForest","2010-08-28"
"Survival","rankhazard","2010-08-28"
"Survival","relsurv","2010-08-28"
"Survival","rhosp","2010-08-28"
"Survival","rpart","2010-08-28"
"Survival","SMIR","2010-08-28"
"Survival","smoothSurv","2010-08-28"
"Survival","SMPracticals","2010-08-28"
"Survival","spatstat","2010-08-28"
"Survival","superpc","2010-08-28"
"Survival","surv2sample","2010-08-28"
"Survival","survBayes","2010-08-28"
"Survival","survcomp","2010-08-28"
"Survival","survey","2010-08-28"
"Survival","survivalROC","2010-08-28"
"Survival","survrec","2010-08-28"
"Survival","tpr","2010-08-28"
"Survival","TraMineR","2010-08-28"
"Survival","TSHRC","2010-08-28"
"Survival","TwoWaySurvival","2010-08-28"
"Survival","uniCox","2010-08-28"
"Survival","VGAM","2010-08-28"
"TimeSeries","AER","2010-08-28"
"TimeSeries","ArDec","2010-08-28"
"TimeSeries","bayesGARCH","2010-08-28"
"TimeSeries","BAYSTAR","2010-08-28"
"TimeSeries","bentcableAR","2010-08-28"
"TimeSeries","boot","2010-08-28"
"TimeSeries","BootPR","2010-08-28"
"TimeSeries","bspec","2010-08-28"
"TimeSeries","CADFtest","2010-08-28"
"TimeSeries","chron","2010-08-28"
"TimeSeries","dlm","2010-08-28"
"TimeSeries","dlnm","2010-08-28"
"TimeSeries","dse","2010-08-28"
"TimeSeries","dtw","2010-08-28"
"TimeSeries","dyn","2010-08-28"
"TimeSeries","dynlm","2010-08-28"
"TimeSeries","Ecdat","2010-08-28"
"TimeSeries","ensembleBMA","2010-08-28"
"TimeSeries","EvalEst","2010-08-28"
"TimeSeries","expsmooth","2010-08-28"
"TimeSeries","fame","2010-08-28"
"TimeSeries","fArma","2010-08-28"
"TimeSeries","fEcofin","2010-08-28"
"TimeSeries","fGarch","2010-08-28"
"TimeSeries","FinTS","2010-08-28"
"TimeSeries","FitAR","2010-08-28"
"TimeSeries","FKF","2010-08-28"
"TimeSeries","fma","2010-08-28"
"TimeSeries","fNonlinear","2010-08-28"
"TimeSeries","fracdiff","2010-08-28"
"TimeSeries","fractal","2010-08-28"
"TimeSeries","fractalrock","2010-08-28"
"TimeSeries","fts","2010-08-28"
"TimeSeries","fUnitRoots","2010-08-28"
"TimeSeries","GeneCycle","2010-08-28"
"TimeSeries","GeneNet","2010-08-28"
"TimeSeries","gogarch","2010-08-28"
"TimeSeries","gsarima","2010-08-28"
"TimeSeries","hydrosanity","2010-08-28"
"TimeSeries","its","2010-08-28"
"TimeSeries","KFAS","2010-08-28"
"TimeSeries","kza","2010-08-28"
"TimeSeries","ltsa","2010-08-28"
"TimeSeries","mAr","2010-08-28"
"TimeSeries","mar1s","2010-08-28"
"TimeSeries","MARSS","2010-08-28"
"TimeSeries","Mcomp","2010-08-28"
"TimeSeries","meboot","2010-08-28"
"TimeSeries","mFilter","2010-08-28"
"TimeSeries","mondate","2010-08-28"
"TimeSeries","MSBVAR","2010-08-28"
"TimeSeries","paleoTS","2010-08-28"
"TimeSeries","pastecs","2010-08-28"
"TimeSeries","pear","2010-08-28"
"TimeSeries","pomp","2010-08-28"
"TimeSeries","ptw","2010-08-28"
"TimeSeries","robfilter","2010-08-28"
"TimeSeries","RSEIS","2010-08-28"
"TimeSeries","RTisean","2010-08-28"
"TimeSeries","rtv","2010-08-28"
"TimeSeries","rwt","2010-08-28"
"TimeSeries","sde","2010-08-28"
"TimeSeries","signalextraction","2010-08-28"
"TimeSeries","tiger","2010-08-28"
"TimeSeries","timeDate","2010-08-28"
"TimeSeries","timeSeries","2010-08-28"
"TimeSeries","timsac","2010-08-28"
"TimeSeries","tis","2010-08-28"
"TimeSeries","tpr","2010-08-28"
"TimeSeries","TSAgg","2010-08-28"
"TimeSeries","TSdbi","2010-08-28"
"TimeSeries","tsDyn","2010-08-28"
"TimeSeries","tseriesChaos","2010-08-28"
"TimeSeries","tsfa","2010-08-28"
"TimeSeries","tslars","2010-08-28"
"TimeSeries","tsModel","2010-08-28"
"TimeSeries","urca","2010-08-28"
"TimeSeries","vars","2010-08-28"
"TimeSeries","VhayuR","2010-08-28"
"TimeSeries","wavelets","2010-08-28"
"TimeSeries","waveslim","2010-08-28"
"TimeSeries","wavethresh","2010-08-28"
"TimeSeries","wmtsa","2010-08-28"
"TimeSeries","xts","2010-08-28"
